licenseNumber,licenseType,businessName,city,county,zip,phone,endorsementText,origRegisDate,status,gmbName,gmbAddress,gmbPhone,gmbWebsite,gmbRating,gmbReviews,gmbCategory,gmbMapsUrl,gmbExtra,processedAt,_outFile
259602,RGC,DAVID LEE ARIAS,PORTLAND,Multnomah,87825,5034904213,Residential General Contractor,01/08/2026,New Registration - No GMB,,,,,,,,,low_confidence_match_rejected:Portland(0.00),2026-09-06T20:30:01.641Z,/gmapsdata/ccb-results/ccb-batch-01-of-07-results.jsonl
259607,RSC,CROOKED RIVER DEFENSIBLE SPACE AND PROPERTY CARE LLC,CULVER,Jefferson,97734,5414602178,Residential Specialty Contractor,01/20/2026,GMB Found - Website Available,Crooked River Defensible Space and Property Care LLC,,+1 541-460-2178,https://www.crookedriverdspc.com/,,2,Landscaper,"https://www.google.com/maps/place/Crooked+River+Defensible+Space+and+Property+Care+LLC/@44.4121285,-121.111957,9z/data=!3m1!4b1!4m6!3m5!1s0x2615872c27966c45:0x424cf92a3eb304d1!8m2!3d44.4121285!4d-121.111957!16s%2Fg%2F11z4p_lxbj?hl=en&entry=ttu&g_ep=EgoyMDI2MDkwMi4wIKXMDSoASAFQAw%3D%3D",place_id:ChIJRWyWJyyHFSYR0QSzPir5TEI,2026-09-06T20:30:22.128Z,/gmapsdata/ccb-results/ccb-batch-01-of-07-results.jsonl
259609,RGC,JARED HAMILTON GIROUX,ALBANY,Linn,97322,4582782451,Residential General Contractor,01/06/2026,New Registration - No GMB,,,,,,,,,,2026-09-06T20:31:02.668Z,/gmapsdata/ccb-results/ccb-batch-01-of-07-results.jsonl
259610,CSC1,OX CONCRETE LLC,PORTLAND,Multnomah,97232,5032831884,Commercial Specialty Contractor Level 1,01/21/2026,GMB Found - Website Available,AC Concrete Solutions,,+1 503-200-9698,http://www.acconcreto.com/,,42,Concrete contractor,https://www.google.com/maps/place/AC+Concrete+Solutions/data=!4m7!3m6!1s0x69d1ecda2db493ad:0x146448d53bc5a7c9!8m2!3d45.42057!4d-122.5956699!16s%2Fg%2F11qbhtdhzb!19sChIJrZO0Ldrs0WkRyafFO9VIZBQ?authuser=0&hl=en&g_ep=EgoyMDI2MDkwMi4wIJJjKgBIAVAD&rclk=1,place_id:ChIJrZO0Ldrs0WkRyafFO9VIZBQ,2026-09-06T20:31:43.323Z,/gmapsdata/ccb-results/ccb-batch-01-of-07-results.jsonl
259611,RGC,TMT3 LLC,BEND,Deschutes,97707,4582181862,Residential General Contractor,01/27/2026,New Registration - No GMB,,,,,,,,,low_confidence_match_rejected:Deschutes gutter company(0.00),2026-09-06T20:33:04.391Z,/gmapsdata/ccb-results/ccb-batch-01-of-07-results.jsonl
259614,RGC,RED HAVEN CONSTRUCTION LLC,ROGUE RIVER,Josephine,97537,5412189994,Residential General Contractor,01/05/2026,GMB Found - Website Available,New Haven Construction,"1192 Lydia Ave N, Salem, OR 97303, United States",+1 971-338-8563,https://www.ccblookup.com/contractor/new-haven-construction-258137/,,12,Contractor,"https://www.google.com/maps/place/New+Haven+Construction/@45.001418,-123.0447079,17z/data=!3m1!4b1!4m6!3m5!1s0x549555f0b7fd8507:0x7c0e5eeebaacd919!8m2!3d45.001418!4d-123.0447079!16s%2Fg%2F11m_53p412?hl=en&entry=ttu&g_ep=EgoyMDI2MDkwMi4wIKXMDSoASAFQAw%3D%3D",place_id:ChIJB4X9t_BVlVQRGdmsuu5eDnw,2026-09-06T20:33:44.969Z,/gmapsdata/ccb-results/ccb-batch-01-of-07-results.jsonl
259619,CGC1,TOTAL CLIMATE LLC,MEDFORD,Jackson,97501,5419302360,Commercial General Contractor Level 1,01/07/2026,GMB Found - Website Available,Total Climate LLC,,+1 541-613-5913,https://totalclimatellc.com/,,17,HVAC contractor,"https://www.google.com/maps/place/Total+Climate+LLC/@42.356311,-123.0762225,11z/data=!3m1!4b1!4m6!3m5!1s0x85ab920821f8184b:0xcb8da47f58ba9db5!8m2!3d42.356311!4d-123.0762225!16s%2Fg%2F11yy4ghqvp?hl=en&entry=ttu&g_ep=EgoyMDI2MDkwMi4wIKXMDSoASAFQAw%3D%3D",place_id:ChIJSxj4IQiSq4URtZ26WH-kjcs,2026-09-06T20:34:05.446Z,/gmapsdata/ccb-results/ccb-batch-01-of-07-results.jsonl
259620,RGC,D THOMPSON LLC,SEASIDE,Clatsop,97138,7143693450,Residential General Contractor,01/13/2026,GMB Found - Website Available,Carolyn D. Thompson CPA LLC,"340 N Front St, Coos Bay, OR 97420, United States",+1 541-269-2711,https://www.facebook.com/Carolyn-D-Thompson-CPA-LLC-520859521405029,,2,Certified public accountant,"https://www.google.com/maps/place/Carolyn+D.+Thompson+CPA+LLC/@43.3701393,-124.2114995,17z/data=!3m1!4b1!4m6!3m5!1s0x54c3842a646166fb:0x940ad346ecaf86c1!8m2!3d43.3701393!4d-124.2114995!16s%2Fg%2F11bwc748dr?hl=en&entry=ttu&g_ep=EgoyMDI2MDkwMi4wIKXMDSoASAFQAw%3D%3D",place_id:ChIJ-2ZhZCqEw1QRwYav7EbTCpQ,2026-09-06T20:35:06.530Z,/gmapsdata/ccb-results/ccb-batch-01-of-07-results.jsonl
259621,RLC,ARVELLA MARIE CALISTA,LOSTINE,Wallowa,97857,5413988786,Residential Limited Contractor,01/05/2026,New Registration - No GMB,,,,,,,,,low_confidence_match_rejected:Lostine(0.00),2026-09-06T20:35:27.021Z,/gmapsdata/ccb-results/ccb-batch-01-of-07-results.jsonl
259622,RGC,ITS ELECTRIC LLC,ALBANY,Linn,97321,5417458399,Residential General Contractor,02/02/2026,GMB Found - Website Available,ITS ELECTRICAL LLC,,+1 240-477-2359,http://www.itselectricalllc.com/,,47,Electrical installation service,"https://www.google.com/maps/place/ITS+ELECTRICAL+LLC/@39.135499,-77.2147016,13z/data=!3m1!4b1!4m6!3m5!1s0x497c3dbaf62c6357:0xb4d76e5ba6784ead!8m2!3d39.135499!4d-77.2147016!16s%2Fg%2F11p0ztmwd8?hl=en&entry=ttu&g_ep=EgoyMDI2MDkwMi4wIKXMDSoASAFQAw%3D%3D",place_id:ChIJV2Ms9ro9fEkRrU54pltu17Q,2026-09-06T20:36:07.553Z,/gmapsdata/ccb-results/ccb-batch-01-of-07-results.jsonl
259623,CSC2,OCHOCO FIRE PROTECTION INC,PORTLAND,Washington,97229,5037042552,Commercial Specialty Contractor Level 2,01/29/2026,New Registration - No GMB,,,,,,,,,low_confidence_match_rejected:Portland Fire Extinguisher Company(0.33),2026-09-06T20:36:48.139Z,/gmapsdata/ccb-results/ccb-batch-01-of-07-results.jsonl
259625,RGC,SOLID ROCK CAPITAL GROUP LLC,CORVALLIS,Benton,97330,4083343000,Residential General Contractor,02/04/2026,New Registration - No GMB,,,,,,,,,low_confidence_match_rejected:Benton(0.00),2026-09-06T20:37:08.538Z,/gmapsdata/ccb-results/ccb-batch-01-of-07-results.jsonl
259626,RGC,MCCLURES GENERAL CONTRACTING LLC,PORTLAND,Clackamas,97267,8082698818,Residential General Contractor,01/02/2026,New Registration - No GMB,,,,,,,,,"low_confidence_match_rejected:McClure and Sons, Inc.(0.00)",2026-09-06T20:37:49.044Z,/gmapsdata/ccb-results/ccb-batch-01-of-07-results.jsonl
259629,RGC,JED WILLIAM WHITLEY,FLORENCE,Lane,97439,5419919036,Residential General Contractor,02/02/2026,New Registration - No GMB,,,,,,,,,,2026-09-06T20:38:09.466Z,/gmapsdata/ccb-results/ccb-batch-01-of-07-results.jsonl
259630,RGC,SUMMIT BUILDING CO LLC,BEND,Deschutes,97703,5414083605,Residential General Contractor,01/05/2026,GMB Found - Website Available,Summit Park Apartments,"2017 NE Full Moon Dr, Bend, OR 97701, United States",+1 541-382-2705,http://www.summitparkbend.com/,,56,Apartment complex,https://www.google.com/maps/place/Summit+Park+Apartments/data=!4m7!3m6!1s0x54b8cf5563c04ac9:0x55405bdcf3569a09!8m2!3d44.0699868!4d-121.2752558!16s%2Fg%2F11tf313ht!19sChIJyUrAY1XPuFQRCZpW89xbQFU?authuser=0&hl=en&g_ep=EgoyMDI2MDkwMi4wIJJjKgBIAVAD&rclk=1,place_id:ChIJyUrAY1XPuFQRCZpW89xbQFU,2026-09-06T20:38:50.009Z,/gmapsdata/ccb-results/ccb-batch-01-of-07-results.jsonl
259634,RGC,THE OSPREYS CATCH LLC,GRANTS PASS,Josephine,97526,6026222779,Residential General Contractor,01/05/2026,New Registration - No GMB,,,,,,,,,low_confidence_match_rejected:Troy's Guide Services(0.00),2026-09-06T20:39:30.698Z,/gmapsdata/ccb-results/ccb-batch-01-of-07-results.jsonl
259635,RGC,BULLETPROOF HOME REPAIR LLC,KLAMATH FALLS,Klamath,97601,5418879654,Residential General Contractor,01/27/2026,New Registration - No GMB,,,,,,,,,low_confidence_match_rejected:Vertex Builders LLC(0.00),2026-09-06T20:40:31.431Z,/gmapsdata/ccb-results/ccb-batch-01-of-07-results.jsonl
259637,RGC,HJ CONSTRUCTION NW LLC,HILLSBORO,Washington,97123,5038166118,Residential General Contractor,01/05/2026,GMB Found - No Website,HJ Construction NW,,+1 503-816-6118,,,1,General contractor,"https://www.google.com/maps/place/HJ+Construction+NW/@45.4669055,-122.741926,10z/data=!3m1!4b1!4m6!3m5!1s0x43f7b58307e46e73:0xba2f66355cea1348!8m2!3d45.4669055!4d-122.741926!16s%2Fg%2F11y_pz5hmb?hl=en&entry=ttu&g_ep=EgoyMDI2MDkwMi4wIKXMDSoASAFQAw%3D%3D",place_id:ChIJc27kB4O190MRSBPqXDVmL7o,2026-09-06T20:41:12.097Z,/gmapsdata/ccb-results/ccb-batch-01-of-07-results.jsonl
259638,RGC,GRIP CITY HANDYMAN LLC,PORTLAND,Multnomah,97211,5039622625,Residential General Contractor,01/07/2026,GMB Found - Website Available,Grip City Handyman,,+1 971-666-2625,https://gripcityhandyman.com/,,5,Handyman/Handywoman/Handyperson,"https://www.google.com/maps/place/Grip+City+Handyman/@45.4671061,-122.6896951,10z/data=!3m1!4b1!4m6!3m5!1s0x2b7f041431113aab:0xd62ac18b900f28ad!8m2!3d45.4671061!4d-122.6896951!16s%2Fg%2F11yq8bqv_q?hl=en&entry=ttu&g_ep=EgoyMDI2MDkwMi4wIKXMDSoASAFQAw%3D%3D",place_id:ChIJqzoRMRQEfysRrSgPkIvBKtY,2026-09-06T20:41:52.617Z,/gmapsdata/ccb-results/ccb-batch-01-of-07-results.jsonl
259639,RGC,MEDFORD CLOSET AND GARAGE STORAGE SOLUTIONS LLC,MEDFORD,Jackson,97504,5412080277,Residential General Contractor,01/05/2026,New Registration - No GMB,,,,,,,,,low_confidence_match_rejected:Closet Solutions & Organizers(0.33),2026-09-06T20:42:33.270Z,/gmapsdata/ccb-results/ccb-batch-01-of-07-results.jsonl
259641,RGC,DR HOUSE GENERAL CONSTRUCTION LLC,MADRAS,Jefferson,97741,5417773288,Residential General Contractor,01/05/2026,GMB Found - No Website,Dr. House General Construction,"126 NW B St Unit 30, Madras, OR 97741, United States",+1 541-777-3288,,,2,Building firm,"https://www.google.com/maps/place/Dr.+House+General+Construction/@44.6360935,-121.1316512,17z/data=!3m1!4b1!4m6!3m5!1s0x44c21cf3288903f3:0x1c87bdc4ba7ec7ca!8m2!3d44.6360935!4d-121.1316512!16s%2Fg%2F11yvpcmm28?hl=en&entry=ttu&g_ep=EgoyMDI2MDkwMi4wIKXMDSoASAFQAw%3D%3D",place_id:ChIJ8wOJKPMcwkQRysd-usS9hxw,2026-09-06T20:43:13.828Z,/gmapsdata/ccb-results/ccb-batch-01-of-07-results.jsonl
259643,RGC,TG HEATING AND COOLING LLC,TERREBONNE,Deschutes,97760,5039568200,Residential General Contractor,01/21/2026,GMB Found - Website Available,Tg Heating And Cooling,,+1 503-956-8200,https://tgsolutionshvac.com/,,0,HVAC contractor,https://www.google.com/maps/place/Tg+Heating+And+Cooling/data=!4m7!3m6!1s0xc1c4a034fd0cd81:0x2fc85f1001c0d5e9!8m2!3d44.1455904!4d-120.5834015!16s%2Fg%2F11ntzmpqqk!19sChIJgc3QTwNKHAwR6dXAARBfyC8?authuser=0&hl=en&g_ep=EgoyMDI2MDkwMi4wIJJjKgBIAVAD&rclk=1,place_id:ChIJgc3QTwNKHAwR6dXAARBfyC8,2026-09-06T20:43:34.315Z,/gmapsdata/ccb-results/ccb-batch-01-of-07-results.jsonl
259644,CGC2,TUSTAN LLC,GRESHAM,Multnomah,97080,9714045928,Commercial General Contractor Level 2,05/14/2026,GMB Found - Website Available,Tustan Locksmith,"21755 SE Stark St, Gresham, OR 97030, United States",+1 971-404-5928,https://thetustan.com/,,284,Locksmith,"https://www.google.com/maps/place/Tustan+Locksmith/@45.5193136,-122.4382862,17z/data=!3m1!4b1!4m6!3m5!1s0x549598791bc26e7b:0x5c0e9fdd32355423!8m2!3d45.5193136!4d-122.4382862!16s%2Fg%2F1hm4zqtks?hl=en&entry=ttu&g_ep=EgoyMDI2MDkwMi4wIKXMDSoASAFQAw%3D%3D",place_id:ChIJe27CG3mYlVQRI1Q1Mt2fDlw,2026-09-06T20:44:14.941Z,/gmapsdata/ccb-results/ccb-batch-01-of-07-results.jsonl
259644,RGC,TUSTAN LLC,GRESHAM,Multnomah,97080,9714045928,Residential General Contractor,05/14/2026,GMB Found - Website Available,Tustan Locksmith,"21755 SE Stark St, Gresham, OR 97030, United States",+1 971-404-5928,https://thetustan.com/,,284,Locksmith,"https://www.google.com/maps/place/Tustan+Locksmith/@45.5193136,-122.4382862,17z/data=!3m1!4b1!4m6!3m5!1s0x549598791bc26e7b:0x5c0e9fdd32355423!8m2!3d45.5193136!4d-122.4382862!16s%2Fg%2F1hm4zqtks?hl=en&entry=ttu&g_ep=EgoyMDI2MDkwMi4wIKXMDSoASAFQAw%3D%3D",place_id:ChIJe27CG3mYlVQRI1Q1Mt2fDlw,2026-09-06T20:44:35.413Z,/gmapsdata/ccb-results/ccb-batch-01-of-07-results.jsonl
259645,LBPR,ONE PEAK CONSTRUCTION LLC,PORTLAND,Multnomah,97202,5034327263,Lead Based Paint Renovation Contractor,02/04/2026,GMB Found - Website Available,One Peak Construction llc,"1612 SE Pardee St, Portland, OR 97202, United States",+1 503-432-7263,https://onepeakconstruction.com/,,39,Window installation service,"https://www.google.com/maps/place/One+Peak+Construction+llc/@45.4894342,-122.6491523,17z/data=!3m1!4b1!4m6!3m5!1s0x54950b7c82275f35:0xa29b40c0b0b75d9a!8m2!3d45.4894342!4d-122.6491523!16s%2Fg%2F11fsmvhf77?hl=en&entry=ttu&g_ep=EgoyMDI2MDkwMi4wIKXMDSoASAFQAw%3D%3D",place_id:ChIJNV8ngnwLlVQRml23sMBAm6I,2026-09-06T20:45:15.994Z,/gmapsdata/ccb-results/ccb-batch-01-of-07-results.jsonl
259645,RGC,ONE PEAK CONSTRUCTION LLC,PORTLAND,Multnomah,97202,5034327263,Residential General Contractor,01/06/2026,GMB Found - Website Available,One Peak Construction llc,"1612 SE Pardee St, Portland, OR 97202, United States",+1 503-432-7263,https://onepeakconstruction.com/,,39,Window installation service,"https://www.google.com/maps/place/One+Peak+Construction+llc/@45.4894342,-122.6491523,17z/data=!3m1!4b1!4m6!3m5!1s0x54950b7c82275f35:0xa29b40c0b0b75d9a!8m2!3d45.4894342!4d-122.6491523!16s%2Fg%2F11fsmvhf77?hl=en&entry=ttu&g_ep=EgoyMDI2MDkwMi4wIKXMDSoASAFQAw%3D%3D",place_id:ChIJNV8ngnwLlVQRml23sMBAm6I,2026-09-06T20:45:56.511Z,/gmapsdata/ccb-results/ccb-batch-01-of-07-results.jsonl
259646,LBPR,HIPERFORM REMODELING LLC,SALEM,Marion,97301,6789933862,Lead Based Paint Renovation Contractor,01/26/2026,New Registration - No GMB,,,,,,,,,low_confidence_match_rejected:Salem(0.00),2026-09-06T20:46:16.937Z,/gmapsdata/ccb-results/ccb-batch-01-of-07-results.jsonl
259646,RGC,HIPERFORM REMODELING LLC,SALEM,Marion,97301,6789933862,Residential General Contractor,01/08/2026,New Registration - No GMB,,,,,,,,,low_confidence_match_rejected:Salem(0.00),2026-09-06T20:46:37.382Z,/gmapsdata/ccb-results/ccb-batch-01-of-07-results.jsonl
259647,RGC,PHENIX ROOFING AND REPAIRS LLC,LAGRANDE,Union,97850,5417866916,Residential General Contractor,03/11/2026,GMB Found - Website Available,"Phoenix Roofing and Exteriors, LLC.",,+1 616-863-2650,http://thephoenixroof.com/,,26,Roofing contractor,"https://www.google.com/maps/place/Phoenix+Roofing+and+Exteriors,+LLC./@45.0008644,-86.2705984,6z/data=!3m1!4b1!4m6!3m5!1s0x6c7f410c36036e91:0x493ed2093ab0280d!8m2!3d45.0008644!4d-86.2705984!16s%2Fg%2F11xd_pxr3r?hl=en&entry=ttu&g_ep=EgoyMDI2MDkwMi4wIKXMDSoASAFQAw%3D%3D",place_id:ChIJkW4DNgxBf2wRDSiwOgnSPkk,2026-09-06T20:47:17.906Z,/gmapsdata/ccb-results/ccb-batch-01-of-07-results.jsonl
259649,RGC,PRG CONSTRUCTION LLC,GRESHAM,Multnomah,97080,5037031936,Residential General Contractor,01/06/2026,New Registration - No GMB,,,,,,,,,low_confidence_match_rejected:Gresham(0.00),2026-09-06T20:47:38.324Z,/gmapsdata/ccb-results/ccb-batch-01-of-07-results.jsonl
259650,RGC,SCHMIDT TRUCKING & EXCAVATION LLC,SPRINGFIELD,Lane,97478,5416038526,Residential General Contractor,01/20/2026,GMB Found - No Website,Schmidt Trucking,"10216 Manhattan Dr, Brewerton, NY 13029, United States",+1 315-676-7776,,,3,Trucking company,"https://www.google.com/maps/place/Schmidt+Trucking/@43.2653621,-76.1942745,17z/data=!3m1!4b1!4m6!3m5!1s0x89d9c20e40f44a93:0xce2a04f1640c8a2e!8m2!3d43.2653621!4d-76.1942745!16s%2Fg%2F1tx4qbnt?hl=en&entry=ttu&g_ep=EgoyMDI2MDkwMi4wIKXMDSoASAFQAw%3D%3D",place_id:ChIJk0r0QA7C2YkRLooMZPEEKs4,2026-09-06T20:47:58.752Z,/gmapsdata/ccb-results/ccb-batch-01-of-07-results.jsonl
259651,RGC,SWINDELLS HOME SOLUTIONS LLC,BEND,Deschutes,97701,8055355438,Residential General Contractor,01/14/2026,GMB Found - Website Available,Swindells Home Solutions,,+1 541-550-2134,https://www.swindellshomesolutions.com/,,1,Handyman/Handywoman/Handyperson,"https://www.google.com/maps/place/Swindells+Home+Solutions/@44.061471,-121.312961,12z/data=!3m1!4b1!4m6!3m5!1s0x41974039af375635:0xdf3ad217dd4ca375!8m2!3d44.061471!4d-121.312961!16s%2Fg%2F11n51m3bb9?hl=en&entry=ttu&g_ep=EgoyMDI2MDkwMi4wIKXMDSoASAFQAw%3D%3D",place_id:ChIJNVY3rzlAl0ERdaNM3RfSOt8,2026-09-06T20:48:39.288Z,/gmapsdata/ccb-results/ccb-batch-01-of-07-results.jsonl
259654,RGC,BOZ ELECTRIC LLC,OREGON CITY,Clackamas,97045,9715702967,Residential General Contractor,01/02/2026,GMB Found - Website Available,Boz Electric,"19446 Woodlands Terrace, Oregon City, OR 97045, United States",+1 503-896-1522,https://bozelectricllc.com/,,43,Electrician,"https://www.google.com/maps/place/Boz+Electric/@45.3250417,-122.5985464,17z/data=!3m1!4b1!4m6!3m5!1s0x6bb1f023330a6d61:0xbb5728b834f01bf6!8m2!3d45.3250417!4d-122.5985464!16s%2Fg%2F11mrm3fhwd?hl=en&entry=ttu&g_ep=EgoyMDI2MDkwMi4wIKXMDSoASAFQAw%3D%3D",place_id:ChIJYW0KMyPwsWsR9hvwNLgoV7s,2026-09-06T20:49:19.832Z,/gmapsdata/ccb-results/ccb-batch-01-of-07-results.jsonl
259655,RGC,GRIFF CONSTRUCTION LLC,PORTLAND,Multnomah,97202,5038061756,Residential General Contractor,01/12/2026,GMB Found - Website Available,Griff Construction LLC,,+1 503-806-1756,https://www.griff-construction.com/,,2,Window installation service,"https://www.google.com/maps/place/Griff+Construction+LLC/@45.6996305,-123.1620795,9z/data=!3m1!4b1!4m6!3m5!1s0x2d4364b91234aa37:0xa37666df3181dcae!8m2!3d45.6996304!4d-123.1620795!16s%2Fg%2F11z5xgy8cr?hl=en&entry=ttu&g_ep=EgoyMDI2MDkwMi4wIKXMDSoASAFQAw%3D%3D",place_id:ChIJN6o0ErlkQy0RrtyBMd9mdqM,2026-09-06T20:50:00.379Z,/gmapsdata/ccb-results/ccb-batch-01-of-07-results.jsonl
259658,RLC,DEREK SHAUN STEPHENS,EUGENE,Lane,97405,5415213003,Residential Limited Contractor,01/08/2026,New Registration - No GMB,,,,,,,,,,2026-09-06T20:50:40.958Z,/gmapsdata/ccb-results/ccb-batch-01-of-07-results.jsonl
259659,RGC,PNW LEGACY EXCAVATION LLC,MOLALLA,Clackamas,97038,5039573223,Residential General Contractor,01/13/2026,New Registration - No GMB,,,,,,,,,low_confidence_match_rejected:Pacific Northwest Construction(0.00),2026-09-06T20:51:01.396Z,/gmapsdata/ccb-results/ccb-batch-01-of-07-results.jsonl
259660,RGC,ANDREW DAVIS CONSTRUCTION LLC,SISTERS,Deschutes,97759,5417978170,Residential General Contractor,03/03/2026,New Registration - No GMB,,,,,,,,,low_confidence_match_rejected:A.B. Dyer Contracting LLC(0.00),2026-09-06T20:51:41.996Z,/gmapsdata/ccb-results/ccb-batch-01-of-07-results.jsonl
259661,CSC1,HP MECHANICAL LLC,CANBY,Clackamas,97013,5035926520,Commercial Specialty Contractor Level 1,01/08/2026,GMB Found - Website Available,"HP Mechanical, LLC",,+1 503-592-6520,https://hpmechanicalpdx.com/,,2,Repair service,"https://www.google.com/maps/place/HP+Mechanical,+LLC/@45.1012275,-123.1966225,8z/data=!3m1!4b1!4m6!3m5!1s0x83f0922552fef93d:0x4e6c43556ee09dd0!8m2!3d45.1012275!4d-123.1966225!16s%2Fg%2F11mlbf_10g?hl=en&entry=ttu&g_ep=EgoyMDI2MDkwMi4wIKXMDSoASAFQAw%3D%3D",place_id:ChIJPfn-UiWS8IMR0J3gblVDbE4,2026-09-06T20:52:22.620Z,/gmapsdata/ccb-results/ccb-batch-01-of-07-results.jsonl
259663,RGC,SHELDON JAMES SHALE,GOLD HILL,Jackson,97525,5418416666,Residential General Contractor,01/06/2026,New Registration - No GMB,,,,,,,,,low_confidence_match_rejected:Gold Hill(0.00),2026-09-06T20:52:43.185Z,/gmapsdata/ccb-results/ccb-batch-01-of-07-results.jsonl
259665,RGC,KEVIN STACY HATFIELD,OREGON CITY,Clackamas,97045,5037582953,Residential General Contractor,01/15/2026,New Registration - No GMB,,,,,,,,,low_confidence_match_rejected:Oregon City(0.00),2026-09-06T20:53:03.706Z,/gmapsdata/ccb-results/ccb-batch-01-of-07-results.jsonl
259666,RSC,REVEAL GARAGE DOORS LLC,KEIZER,Marion,97303,5038840345,Residential Specialty Contractor,01/12/2026,New Registration - No GMB,,,,,,,,,low_confidence_match_rejected:Revel Garage Solutions(0.33),2026-09-06T20:53:44.364Z,/gmapsdata/ccb-results/ccb-batch-01-of-07-results.jsonl
259668,RGC,WYNNE EXCAVATION LLC,KLAMATH FALLS,Klamath,97603,5418104147,Residential General Contractor,01/06/2026,GMB Found - Website Available,Wynne Excavation LLC,,+1 541-810-4147,https://wynneexcavation.com/,,5,Septic system service,"https://www.google.com/maps/place/Wynne+Excavation+LLC/@42.3629904,-121.109055,9z/data=!3m1!4b1!4m6!3m5!1s0x6b22e1ba31df1d4d:0xbaf2983796a0c110!8m2!3d42.3629904!4d-121.109055!16s%2Fg%2F11z51q4lz9?hl=en&entry=ttu&g_ep=EgoyMDI2MDkwMi4wIKXMDSoASAFQAw%3D%3D",place_id:ChIJTR3fMbrhImsREMGgljeY8ro,2026-09-06T20:54:25.000Z,/gmapsdata/ccb-results/ccb-batch-01-of-07-results.jsonl
259669,RGC,MICHAEL SANDERS CONSTRUCTION LLC,SALEM,Marion,97305,5037799534,Residential General Contractor,01/20/2026,New Registration - No GMB,,,,,,,,,low_confidence_match_rejected:Mid Valley Construction LLC(0.33),2026-09-06T20:55:05.744Z,/gmapsdata/ccb-results/ccb-batch-01-of-07-results.jsonl
259670,RGC,KINDRED BUILD LLC,PORTLAND,Multnomah,97215,5033088034,Residential General Contractor,01/08/2026,GMB Found - No Website,Cornell Design and Build LLC,,+1 503-935-3202,,,7,General contractor,"https://www.google.com/maps/place/Cornell+Design+and+Build+LLC/@45.5427145,-122.6543856,11z/data=!3m1!4b1!4m6!3m5!1s0x94049509834025d:0xaad18b0d890120d9!8m2!3d45.5427145!4d-122.6543856!16s%2Fg%2F11x7qqyv9k?hl=en&entry=ttu&g_ep=EgoyMDI2MDkwMi4wIKXMDSoASAFQAw%3D%3D",place_id:ChIJXQI0mFBJQAkR2SABiQ2L0ao,2026-09-06T20:55:46.445Z,/gmapsdata/ccb-results/ccb-batch-01-of-07-results.jsonl
259671,RGC,SOUTHERN OREGON HOME REVIVAL LLC,PHOENIX,Jackson,97535,4582298234,Residential General Contractor,01/07/2026,GMB Found - No Website,Southern Oregon Home Revival LLC,,+1 458-229-8234,,,8,Landscaper,"https://www.google.com/maps/place/Southern+Oregon+Home+Revival+LLC/@42.9690529,-122.031454,8z/data=!3m1!4b1!4m6!3m5!1s0x6661ed0ba58fc7b:0xceaa01d909ec6e18!8m2!3d42.969053!4d-122.031454!16s%2Fg%2F11x2_52rz2?hl=en&entry=ttu&g_ep=EgoyMDI2MDkwMi4wIKXMDSoASAFQAw%3D%3D",place_id:ChIJe_xYutAeZgYRGG7sCdkBqs4,2026-09-06T20:56:27.152Z,/gmapsdata/ccb-results/ccb-batch-01-of-07-results.jsonl
259672,RGC,WHITE WING CONSTRUCTION LLC,GRESHAM,Multnomah,97080,9715334576,Residential General Contractor,01/13/2026,GMB Found - Website Available,White Wing Construction Services,"3338 Fitzgerald Dr, Montgomery, TX 77356, United States",+1 936-448-7729,https://whitewingconst.com/,,16,General contractor,"https://www.google.com/maps/place/White+Wing+Construction+Services/@30.3919271,-95.6054911,17z/data=!3m1!4b1!4m6!3m5!1s0x864739e78c242fc5:0xd184c011da40ffaa!8m2!3d30.3919271!4d-95.6054911!16s%2Fg%2F11c5mrf1v8?hl=en&entry=ttu&g_ep=EgoyMDI2MDkwMi4wIKXMDSoASAFQAw%3D%3D",place_id:ChIJxS8kjOc5R4YRqv9A2hHAhNE,2026-09-06T20:56:47.679Z,/gmapsdata/ccb-results/ccb-batch-01-of-07-results.jsonl
259673,RGC,STERLING AXIS CONSTRUCTION LLC,BEAVERTON,Washington,97006,9714923832,Residential General Contractor,01/29/2026,New Registration - No GMB,,,,,,,,,low_confidence_match_rejected:S. Alexander Construction LLC(0.33),2026-09-06T20:57:28.384Z,/gmapsdata/ccb-results/ccb-batch-01-of-07-results.jsonl
259674,RGC,ZR CONSTRUCTION INC,SALEM,Marion,97305,9715993372,Residential General Contractor,01/08/2026,GMB Found - Website Available,ZR General Construction,,+1 317-724-8301,https://zrgeneralconstruction.com/,,1,General contractor,"https://www.google.com/maps/place/ZR+General+Construction/@39.8250329,-86.1565806,10z/data=!3m1!4b1!4m6!3m5!1s0x4098596692377eb9:0x980adbd59ded3139!8m2!3d39.8250329!4d-86.1565806!16s%2Fg%2F11nb503wj4?hl=en&entry=ttu&g_ep=EgoyMDI2MDkwMi4wIKXMDSoASAFQAw%3D%3D",place_id:ChIJuX43kmZZmEAROTHtndXbCpg,2026-09-06T20:58:09.140Z,/gmapsdata/ccb-results/ccb-batch-01-of-07-results.jsonl
259675,RGC,RHIZA FAB LLC,PORTLAND,Multnomah,97210,5032816829,Residential General Contractor,01/26/2026,GMB Found - Website Available,Rusch & Son Metal Fab LLC,"4262 NE Killingsworth St, Portland, OR 97218, United States",+1 503-281-3625,http://ruschandsonmetalfab.com/,,14,Metal fabricator,https://www.google.com/maps/place/Rusch+%26+Son+Metal+Fab+LLC/data=!4m7!3m6!1s0x5495a6c15ca450fd:0xef3332b15b4da573!8m2!3d45.5626351!4d-122.619303!16s%2Fg%2F11b7fkk5cs!19sChIJ_VCkXMGmlVQRc6VNW7EyM-8?authuser=0&hl=en&g_ep=EgoyMDI2MDkwMi4wIJJjKgBIAVAD&rclk=1,place_id:ChIJ_VCkXMGmlVQRc6VNW7EyM-8,2026-09-06T20:58:29.778Z,/gmapsdata/ccb-results/ccb-batch-01-of-07-results.jsonl
259677,RGC,BRIGHTMAN CONSTRUCTION LLC,BEAVERTON,Washington,97078,9712460008,Residential General Contractor,01/26/2026,New Registration - No GMB,,,,,,,,,low_confidence_match_rejected:Cornerstone Builders | Custom Homes & Remodeling(0.00),2026-09-06T20:59:10.495Z,/gmapsdata/ccb-results/ccb-batch-01-of-07-results.jsonl
259678,RSC,CHUC FINISH CARPENTRY LLC,BEAVERTON,Washington,97006,9714203965,Residential Specialty Contractor,01/16/2026,GMB Found - Website Available,Chuc Finish Carpentry,,+1 971-420-3965,https://chucfinish.com/,,2,Carpenter,"https://www.google.com/maps/place/Chuc+Finish+Carpentry/@45.637085,-122.6497916,8z/data=!3m1!4b1!4m6!3m5!1s0xab4f62efb95b0991:0x259d236cd13e0524!8m2!3d45.637085!4d-122.6497916!16s%2Fg%2F11w8jz66dd?hl=en&entry=ttu&g_ep=EgoyMDI2MDkwMi4wIKXMDSoASAFQAw%3D%3D",place_id:ChIJkQlbue9iT6sRJAU-0WwjnSU,2026-09-06T20:59:51.231Z,/gmapsdata/ccb-results/ccb-batch-01-of-07-results.jsonl
259679,RSC,ABELL & COMPANY LLC,BEND,Deschutes,97701,7194667738,Residential Specialty Contractor,01/26/2026,GMB Found - Website Available,Abell Auction Company,"2613 Yates Ave, Commerce, CA 90040, United States",+1 323-724-8102,http://www.abell.com/,,57,Auction house,"https://www.google.com/maps/place/Abell+Auction+Company/@33.9923237,-118.1363465,17z/data=!3m1!4b1!4m6!3m5!1s0x80c2ce40028deb85:0x79510a6593b59740!8m2!3d33.9923237!4d-118.1363465!16s%2Fg%2F1tfc28wf?hl=en&entry=ttu&g_ep=EgoyMDI2MDkwMi4wIKXMDSoASAFQAw%3D%3D",place_id:ChIJheuNAkDOwoARQJe1k2UKUXk,2026-09-06T21:00:31.997Z,/gmapsdata/ccb-results/ccb-batch-01-of-07-results.jsonl
259680,CGC1,TWIN RIDGE CONTRACTORS LLC,AMBOY,Out of State,98601,6059561010,Commercial General Contractor Level 1,01/20/2026,GMB Found - Website Available,Twin Ridge Contractors LLC,"23920 NE 424th St, Amboy, WA 98601, United States",+1 605-956-1010,https://tridgeusa.com/,,18,Contractor,"https://www.google.com/maps/place/Twin+Ridge+Contractors+LLC/@45.928779,-122.430088,17z/data=!3m1!4b1!4m6!3m5!1s0x4b17c9b337bd5db3:0x94dbc65b6f5882f3!8m2!3d45.928779!4d-122.430088!16s%2Fg%2F11yvhfj485?hl=en&entry=ttu&g_ep=EgoyMDI2MDkwMi4wIKXMDSoASAFQAw%3D%3D",place_id:ChIJs129N7PJF0sR84JYb1vG25Q,2026-09-06T21:01:12.795Z,/gmapsdata/ccb-results/ccb-batch-01-of-07-results.jsonl
259680,RGC,TWIN RIDGE CONTRACTORS LLC,AMBOY,Out of State,98601,6059561010,Residential General Contractor,01/20/2026,GMB Found - Website Available,Twin Ridge Contractors LLC,"23920 NE 424th St, Amboy, WA 98601, United States",+1 605-956-1010,https://tridgeusa.com/,,18,Contractor,"https://www.google.com/maps/place/Twin+Ridge+Contractors+LLC/@45.928779,-122.430088,17z/data=!3m1!4b1!4m6!3m5!1s0x4b17c9b337bd5db3:0x94dbc65b6f5882f3!8m2!3d45.928779!4d-122.430088!16s%2Fg%2F11yvhfj485?hl=en&entry=ttu&g_ep=EgoyMDI2MDkwMi4wIKXMDSoASAFQAw%3D%3D",place_id:ChIJs129N7PJF0sR84JYb1vG25Q,2026-09-06T21:01:53.568Z,/gmapsdata/ccb-results/ccb-batch-01-of-07-results.jsonl
259682,RGC,APPLEGATE HOME IMPROVEMENT LLC,JACKSONVILLE,Jackson,97530,5412196621,Residential General Contractor,01/26/2026,New Registration - No GMB,,,,,,,,,low_confidence_match_rejected:Homes Remodeling & Renovating(0.00),2026-09-06T21:03:14.743Z,/gmapsdata/ccb-results/ccb-batch-01-of-07-results.jsonl
259683,RGC,CASTORES CONSTRUCTION LLC,BEND,Deschutes,97702,5419363522,Residential General Contractor,01/07/2026,GMB Found - Website Available,Castores Construction LLC,,+1 541-936-3522,https://castoresconstruction.com/,,1,General contractor,"https://www.google.com/maps/place/Castores+Construction+LLC/@43.9969415,-121.1930075,10z/data=!3m1!4b1!4m6!3m5!1s0x2b235e432d6ea077:0xb8fa3032b0233b8b!8m2!3d43.9969415!4d-121.1930075!16s%2Fg%2F11zcsmpgk_?hl=en&entry=ttu&g_ep=EgoyMDI2MDkwMi4wIKXMDSoASAFQAw%3D%3D",place_id:ChIJd6BuLUNeIysRizsjsDIw-rg,2026-09-06T21:03:55.516Z,/gmapsdata/ccb-results/ccb-batch-01-of-07-results.jsonl
259684,RGC,NOMAD RESTORATION LLC,GRANTS PASS,Josephine,97527,5415077129,Residential General Contractor,01/14/2026,GMB Found - Website Available,Nomad Studio Furniture,"Oppositte Darbar Baba Jaman Shah Lidher, DHA Phase 6, Lahore, 54792, Pakistan",+92 309 6884488,https://nomadstudiofurniture.com/,,1,Furniture manufacturer,https://www.google.com/maps/place/Nomad+Studio+Furniture/data=!4m7!3m6!1s0x3919095d3adf40fb:0x9847f183f5e47a7e!8m2!3d31.4595975!4d74.4427439!16s%2Fg%2F11w4dclyq7!19sChIJ-0DfOl0JGTkRfnrk9YPxR5g?authuser=0&hl=en&g_ep=EgoyMDI2MDkwMi4wIJJjKgBIAVAD&rclk=1,place_id:ChIJ-0DfOl0JGTkRfnrk9YPxR5g,2026-09-06T21:04:56.543Z,/gmapsdata/ccb-results/ccb-batch-01-of-07-results.jsonl
259686,RD,RARE & SNUG LLC,PORTLAND,Multnomah,97232,5034510545,Residential Developer,03/02/2026,New Registration - No GMB,,,,,,,,,low_confidence_match_rejected:Adam & Eve Stores(0.00),2026-09-06T21:05:17.375Z,/gmapsdata/ccb-results/ccb-batch-01-of-07-results.jsonl
259687,RGC,RIHAU LLC,PORTLAND,Multnomah,97233,9715706693,Residential General Contractor,01/06/2026,New Registration - No GMB,,,,,,,,,low_confidence_match_rejected:Portland(0.00),2026-09-06T21:05:38.006Z,/gmapsdata/ccb-results/ccb-batch-01-of-07-results.jsonl
259688,RGC,MATTHEW COLYER FREEMAN,RICKREAL,Polk,97371,9713011096,Residential General Contractor,01/13/2026,New Registration - No GMB,,,,,,,,,,2026-09-06T21:06:18.863Z,/gmapsdata/ccb-results/ccb-batch-01-of-07-results.jsonl
259689,CGC1,AHMAD FATHI DOUR,BEAVERTON,Multnomah,97008,5092300423,Commercial General Contractor Level 1,02/11/2026,New Registration - No GMB,,,,,,,,,low_confidence_match_rejected:Multnomah County(0.00),2026-09-06T21:06:39.507Z,/gmapsdata/ccb-results/ccb-batch-01-of-07-results.jsonl
259689,RGC,AHMAD FATHI DOUR,BEAVERTON,Multnomah,97008,5092300423,Residential General Contractor,02/11/2026,New Registration - No GMB,,,,,,,,,low_confidence_match_rejected:Multnomah County(0.00),2026-09-06T21:07:00.503Z,/gmapsdata/ccb-results/ccb-batch-01-of-07-results.jsonl
259691,RGC,ONE HOME SERVICES LLC,SALEM,Marion,97302,9712186741,Residential General Contractor,03/24/2026,GMB Found - Website Available,On Top Home Services,"1162 13th St SE Suite 1, Salem, OR 97302, United States",+1 971-612-3069,https://ontophomeservices.com/,,64,Pressure washing service,"https://www.google.com/maps/place/On+Top+Home+Services/@44.9261789,-123.029067,17z/data=!3m1!4b1!4m6!3m5!1s0xa8fe6aab1a635783:0xaba0e7852365e6fb!8m2!3d44.9261789!4d-123.029067!16s%2Fg%2F11q4bgkfxs?hl=en&entry=ttu&g_ep=EgoyMDI2MDkwMi4wIKXMDSoASAFQAw%3D%3D",place_id:ChIJg1djGqtq_qgR--ZlI4XnoKs,2026-09-06T21:07:41.302Z,/gmapsdata/ccb-results/ccb-batch-01-of-07-results.jsonl
259692,RGC,BRILLIANT SIDING LLC,WOOD VILLAGE,Multnomah,97060,5033602630,Residential General Contractor,01/06/2026,New Registration - No GMB,,,,,,,,,low_confidence_match_rejected:Brightside Renovations LLC(0.00),2026-09-06T21:08:22.242Z,/gmapsdata/ccb-results/ccb-batch-01-of-07-results.jsonl
259693,CGC2,A QUALITY PRESTIGE CONSTRUCTION LLC,KEIZER,Marion,97307,9162893217,Commercial General Contractor Level 2,02/18/2026,GMB Found - Website Available,A.M. Quality Construction LLC,"3498 Donald St NE, Salem, OR 97301, United States",+1 971-301-8769,https://amqualityconstruction.com/,,62,Contractor,https://www.google.com/maps/place/A.M.+Quality+Construction+LLC/data=!4m7!3m6!1s0x54bfff2098523e05:0x2e4695ff04f22f!8m2!3d44.9706992!4d-123.0034621!16s%2Fg%2F11f5mk04q0!19sChIJBT5SmCD_v1QRL_IE_5VGLgA?authuser=0&hl=en&g_ep=EgoyMDI2MDkwMi4wIJJjKgBIAVAD&rclk=1,place_id:ChIJBT5SmCD_v1QRL_IE_5VGLgA,2026-09-06T21:08:43.008Z,/gmapsdata/ccb-results/ccb-batch-01-of-07-results.jsonl
259693,RGC,A QUALITY PRESTIGE CONSTRUCTION LLC,KEIZER,Marion,97307,9162893217,Residential General Contractor,02/18/2026,GMB Found - Website Available,A.M. Quality Construction LLC,"3498 Donald St NE, Salem, OR 97301, United States",+1 971-301-8769,https://amqualityconstruction.com/,,62,Contractor,https://www.google.com/maps/place/A.M.+Quality+Construction+LLC/data=!4m7!3m6!1s0x54bfff2098523e05:0x2e4695ff04f22f!8m2!3d44.9706992!4d-123.0034621!16s%2Fg%2F11f5mk04q0!19sChIJBT5SmCD_v1QRL_IE_5VGLgA?authuser=0&hl=en&g_ep=EgoyMDI2MDkwMi4wIJJjKgBIAVAD&rclk=1,place_id:ChIJBT5SmCD_v1QRL_IE_5VGLgA,2026-09-06T21:09:03.679Z,/gmapsdata/ccb-results/ccb-batch-01-of-07-results.jsonl
259694,RGC,SCOTTRICH CONSTRUCTION LLC,COOS BAY,Coos,97420,5418525529,Residential General Contractor,01/14/2026,GMB Found - No Website,South Coast Construction Inc,"650 Anderson Ave, Coos Bay, OR 97420, United States",+1 541-269-1049,,,9,General contractor,https://www.google.com/maps/place/South+Coast+Construction+Inc/data=!4m7!3m6!1s0x54c47f305787a013:0xcded6ce7d92486c0!8m2!3d43.3672743!4d-124.2185979!16s%2Fg%2F1tcyks1p!19sChIJE6CHVzB_xFQRwIYk2eds7c0?authuser=0&hl=en&g_ep=EgoyMDI2MDkwMi4wIJJjKgBIAVAD&rclk=1,place_id:ChIJE6CHVzB_xFQRwIYk2eds7c0,2026-09-06T21:09:44.607Z,/gmapsdata/ccb-results/ccb-batch-01-of-07-results.jsonl
259696,RGC,STRONGHOLD CONTRACTING LLC,MOLLALA,Clackamas,97038,5037538491,Residential General Contractor,01/02/2026,GMB Found - Website Available,StrongHold Fence and Deck,,+1 971-273-6047,https://strongholdfenceanddeck.com/?utm_source=google&utm_medium=organic&utm_campaign=gbp_listing,,2,Fence contractor,https://www.google.com/maps/place/StrongHold+Fence+and+Deck/data=!4m7!3m6!1s0x878a6338e54a6a59:0x97b65fa4320bc252!8m2!3d44.94633!4d-123.0498005!16s%2Fg%2F11ypdjgywb!19sChIJWWpK5ThjiocRUsILMqRftpc?authuser=0&hl=en&g_ep=EgoyMDI2MDkwMi4wIJJjKgBIAVAD&rclk=1,place_id:ChIJWWpK5ThjiocRUsILMqRftpc,2026-09-06T21:10:05.295Z,/gmapsdata/ccb-results/ccb-batch-01-of-07-results.jsonl
259697,RGC,PLAIN LIVING SOLUTIONS LLC,REDMOND,Deschutes,97756,5413503187,Residential General Contractor,01/07/2026,GMB Found - Website Available,Plain Living Solutions LLC,,+1 541-350-3187,https://www.plainlivingsolutions.com/,,8,Handyman/Handywoman/Handyperson,"https://www.google.com/maps/place/Plain+Living+Solutions+LLC/@46.423669,-129.9427085,3z/data=!3m1!4b1!4m6!3m5!1s0x6a82cbbd8ae97f75:0xa66a98af9716e303!8m2!3d46.423669!4d-129.9427086!16s%2Fg%2F11yx5pnbf1?hl=en&entry=ttu&g_ep=EgoyMDI2MDkwMi4wIKXMDSoASAFQAw%3D%3D",place_id:ChIJdX_pir3LgmoRA-MWl6-YaqY,2026-09-06T21:10:46.196Z,/gmapsdata/ccb-results/ccb-batch-01-of-07-results.jsonl
259698,RSC,EXCLUSIVE ELECTRIC LLC,ECHO,Umatilla,97826,5412401649,Residential Specialty Contractor,01/07/2026,GMB Found - No Website,Exclusive Electric LLC,"5726 N 68th Ave, Glendale, AZ 85303, United States",+1 602-802-4092,,,27,Electrician,"https://www.google.com/maps/place/Exclusive+Electric+LLC/@33.5210128,-112.206244,17z/data=!3m1!4b1!4m6!3m5!1s0xaa2efa9207f4ff37:0x86939f4d454079be!8m2!3d33.5210128!4d-112.206244!16s%2Fg%2F11s1rm5dmz?hl=en&entry=ttu&g_ep=EgoyMDI2MDkwMi4wIKXMDSoASAFQAw%3D%3D",place_id:ChIJN__0B5L6LqoRvnlARU2fk4Y,2026-09-06T21:11:27.044Z,/gmapsdata/ccb-results/ccb-batch-01-of-07-results.jsonl
259699,RGC,ALPINE ROOFING AND CONSTRUCTION LLC,HILLSBORO,Washington,97123,5037479837,Residential General Contractor,01/29/2026,GMB Found - Website Available,Alpine General Contracting and Excavating LLC,,+1 253-606-1266,http://www.alpinesteelbuilding.com/,,1,General contractor,https://www.google.com/maps/place/Alpine+General+Contracting+and+Excavating+LLC/data=!4m7!3m6!1s0x44271d11f44d7221:0x6b131a859ce43089!8m2!3d47.6154994!4d-122.732887!16s%2Fg%2F11yf61lfj6!19sChIJIXJN9BEdJ0QRiTDknIUaE2s?authuser=0&hl=en&g_ep=EgoyMDI2MDkwMi4wIJJjKgBIAVAD&rclk=1,place_id:ChIJIXJN9BEdJ0QRiTDknIUaE2s,2026-09-06T21:12:28.113Z,/gmapsdata/ccb-results/ccb-batch-01-of-07-results.jsonl
259701,RGC,HANDYMAN & LANDSCAPE PDX LLC,TIGARD,Washington,97223,9718086140,Residential General Contractor,01/08/2026,GMB Found - No Website,Handyman & Landscape PDX LLC,,+1 971-808-6140,,,0,Construction company,"https://www.google.com/maps/place/Handyman+%26+Landscape+PDX+LLC/@45.523147,-122.664469,11z/data=!3m1!4b1!4m6!3m5!1s0xadce55a2d3d95dff:0x62d5c281694281f5!8m2!3d45.523147!4d-122.664469!16s%2Fg%2F11z105f557?hl=en&entry=ttu&g_ep=EgoyMDI2MDkwMi4wIKXMDSoASAFQAw%3D%3D",place_id:ChIJ_13Z06JVzq0R9YFCaYHC1WI,2026-09-06T21:13:09.073Z,/gmapsdata/ccb-results/ccb-batch-01-of-07-results.jsonl
259702,RGC,HOMEROOT SERVICES LLC,BEND,Deschutes,97701,7148337742,Residential General Contractor,01/12/2026,GMB Found - No Website,Homeroot Services LLC,,+1 541-728-0933,,,1,Handyman/Handywoman/Handyperson,"https://www.google.com/maps/place/Homeroot+Services+LLC/@44.061471,-121.312961,12z/data=!3m1!4b1!4m6!3m5!1s0x4fb75de3ddefb26f:0xa1408746b0a8efe7!8m2!3d44.061471!4d-121.312961!16s%2Fg%2F11zg9p42m7?hl=en&entry=ttu&g_ep=EgoyMDI2MDkwMi4wIKXMDSoASAFQAw%3D%3D",place_id:ChIJb7Lv3eNdt08R5--osEaHQKE,2026-09-06T21:13:50.146Z,/gmapsdata/ccb-results/ccb-batch-01-of-07-results.jsonl
259705,RGC,EVERY EDGE CONSTRUCTION LLC,REDMOND,Deschutes,97756,5036897399,Residential General Contractor,02/23/2026,GMB Found - No Website,Fine Edge Construction LLC,,+1 541-420-3547,,,1,Construction company,"https://www.google.com/maps/place/Fine+Edge+Construction+LLC/@44.3410175,-121.1930075,10z/data=!3m1!4b1!4m6!3m5!1s0x6398b9d8be4731ff:0x68a00c1583527d52!8m2!3d44.3410175!4d-121.1930075!16s%2Fg%2F11yrd5lc99?hl=en&entry=ttu&g_ep=EgoyMDI2MDkwMi4wIKXMDSoASAFQAw%3D%3D",place_id:ChIJ_zFHvti5mGMRUn1SgxUMoGg,2026-09-06T21:14:31.020Z,/gmapsdata/ccb-results/ccb-batch-01-of-07-results.jsonl
259706,RSC,NOLL DEVELOPMENT LLC,COTTAGE GROVE,Lane,97424,5412281241,Residential Specialty Contractor,01/08/2026,New Registration - No GMB,,,,,,,,,,2026-09-06T21:15:11.924Z,/gmapsdata/ccb-results/ccb-batch-01-of-07-results.jsonl
259707,RD,635 MARSHALL LLC,BEND,Deschutes,97702,3129277080,Residential Developer,03/20/2026,GMB Found - No Website,635 NE Marshall Ave,"Bend, OR 97701, USA",,,,0,Building,https://www.google.com/maps/place/635+NE+Marshall+Ave/data=!4m7!3m6!1s0x54b8c61e1a37675b:0xd06a2407bd446ad8!8m2!3d44.0627634!4d-121.296452!16s%2Fg%2F11c1kkw_4x!19sChIJW2c3Gh7GuFQR2GpEvQckatA?authuser=0&hl=en&g_ep=EgoyMDI2MDkwMi4wIJJjKgBIAVAD&rclk=1,place_id:ChIJW2c3Gh7GuFQR2GpEvQckatA,2026-09-06T21:15:32.568Z,/gmapsdata/ccb-results/ccb-batch-01-of-07-results.jsonl
259709,RGC,SC CONCRETE & REMODELING LLC,BEAVERTON,Washington,97078,9713482373,Residential General Contractor,01/08/2026,GMB Found - Website Available,SMV Concrete,"7412 NE 87th Cir, Vancouver, WA 98662, United States",+1 503-568-0198,https://www.smvconcrete.com/,,46,Concrete contractor,https://www.google.com/maps/place/SMV+Concrete/data=!4m7!3m6!1s0x4d28dfabb7261cd:0x8d8dc902c318b7ef!8m2!3d45.6853525!4d-122.5969143!16s%2Fg%2F11v0mvh4zl!19sChIJzWFyu_qN0gQR77cYwwLJjY0?authuser=0&hl=en&g_ep=EgoyMDI2MDkwMi4wIJJjKgBIAVAD&rclk=1,place_id:ChIJzWFyu_qN0gQR77cYwwLJjY0,2026-09-06T21:16:53.986Z,/gmapsdata/ccb-results/ccb-batch-01-of-07-results.jsonl
259710,RSC,BA ELECTRICAL LLC,AUMSVILLE,Marion,97325,5419684508,Residential Specialty Contractor,01/20/2026,GMB Found - Website Available,BA Electrical LLC,,+1 503-849-6950,https://baelectrical.llc/,,0,Electrician,"https://www.google.com/maps/place/BA+Electrical+LLC/@44.8054445,-122.8929655,9z/data=!3m1!4b1!4m6!3m5!1s0x460eedc338987dc9:0x3db4cff9205cceec!8m2!3d44.8054445!4d-122.8929654!16s%2Fg%2F11yyh27qwb?hl=en&entry=ttu&g_ep=EgoyMDI2MDkwMi4wIKXMDSoASAFQAw%3D%3D",place_id:ChIJyX2YOMPtDkYR7M5cIPnPtD0,2026-09-06T21:17:35.076Z,/gmapsdata/ccb-results/ccb-batch-01-of-07-results.jsonl
259713,RSC,GRACE AND GRIT HEATING AND COOLING LLC,DAMASCUS,Clackamas,97089,5034074607,Residential Specialty Contractor,01/15/2026,New Registration - No GMB,,,,,,,,,"low_confidence_match_rejected:Glacier HVAC/R, LLC(0.00)",2026-09-06T21:18:16.093Z,/gmapsdata/ccb-results/ccb-batch-01-of-07-results.jsonl
259714,RGC,MDS GENERAL CONTRACTING LLC,EUGENE,Lane,97405,5415204655,Residential General Contractor,01/06/2026,New Registration - No GMB,,,,,,,,,low_confidence_match_rejected:MDS CONSTRUCTION & CO(0.33),2026-09-06T21:18:57.133Z,/gmapsdata/ccb-results/ccb-batch-01-of-07-results.jsonl
259715,RGC,GEORGE PAINTING & REMODELING LLC,BEAVERTON,Washington,97007,7276237171,Residential General Contractor,01/15/2026,GMB Found - Website Available,George painting & remodeling llc,,+1 727-623-7171,http://www.paintgeorge.com/,,0,Contractor,"https://www.google.com/maps/place/George+painting+%26+remodeling+llc/@44.1455905,-120.5834015,7z/data=!3m1!4b1!4m6!3m5!1s0x27f2fc2423d909f9:0xf4f1abd64cc6898e!8m2!3d44.1455904!4d-120.5834015!16s%2Fg%2F11z3lk0wnz?hl=en&entry=ttu&g_ep=EgoyMDI2MDkwMi4wIKXMDSoASAFQAw%3D%3D",place_id:ChIJ-QnZIyT88icRjonGTNar8fQ,2026-09-06T21:19:38.146Z,/gmapsdata/ccb-results/ccb-batch-01-of-07-results.jsonl
259716,RGC,YOU MAD PRO CONSTRUCTION LLC,GRANTS PASS,Josephine,97526,5414411924,Residential General Contractor,02/02/2026,New Registration - No GMB,,,,,,,,,low_confidence_match_rejected:M. Younas Constructions since 1970(0.00),2026-09-06T21:21:00.141Z,/gmapsdata/ccb-results/ccb-batch-01-of-07-results.jsonl
259717,RGC,MARO CONSTRUCTION LLC,HILLSBORO,Washington,97006,5039845035,Residential General Contractor,01/07/2026,GMB Found - No Website,Mar Construction Llc,"6634 Millstone Ln SE, Olympia, WA 98513, United States",,,,0,,https://www.google.com/maps/place/Mar+Construction+Llc/data=!4m7!3m6!1s0x549173175a6ba10b:0x9b61509feaf53b41!8m2!3d46.9885212!4d-122.8245663!16s%2Fg%2F11hy9p85wx!19sChIJC6FrWhdzkVQRQTv16p9QYZs?authuser=0&hl=en&g_ep=EgoyMDI2MDkwMi4wIJJjKgBIAVAD&rclk=1,place_id:ChIJC6FrWhdzkVQRQTv16p9QYZs,2026-09-06T21:21:20.990Z,/gmapsdata/ccb-results/ccb-batch-01-of-07-results.jsonl
259718,LBPR,DREW FIELD PROPERTY CARE LLC,PORTLAND,Multnomah,97219,9712317002,Lead Based Paint Renovation Contractor,07/16/2026,New Registration - No GMB,,,,,,,,,low_confidence_match_rejected:drew mcculloch(0.25),2026-09-06T21:22:02.056Z,/gmapsdata/ccb-results/ccb-batch-01-of-07-results.jsonl
259723,RGC,GREAT CASCADE CONTRACTING LLC,REDMOND,Deschutes,97756,5416109454,Residential General Contractor,02/17/2026,New Registration - No GMB,,,,,,,,,low_confidence_match_rejected:Cascade Civil Corp(0.33),2026-09-06T21:23:23.653Z,/gmapsdata/ccb-results/ccb-batch-01-of-07-results.jsonl
259724,RGC,JACOBY DANE SCARBROUGH,EUGENE,Lane,97402,5419548778,Residential General Contractor,02/23/2026,New Registration - No GMB,,,,,,,,,,2026-09-06T21:24:04.742Z,/gmapsdata/ccb-results/ccb-batch-01-of-07-results.jsonl
259725,RGC,PHOENIX RENOVATION AND REPAIR LLC,GLADSTONE,Clackamas,97027,5035123212,Residential General Contractor,01/20/2026,GMB Found - Website Available,Phoenix Renovation And Repair,,+1 503-512-3212,https://phoenixrnr.net/,,10,Contractor,"https://www.google.com/maps/place/Phoenix+Renovation+And+Repair/@46.423669,-129.9427085,3z/data=!3m1!4b1!4m6!3m5!1s0x6e9bb7eb645f1ffd:0x1eaac728502aa09c!8m2!3d46.423669!4d-129.9427086!16s%2Fg%2F11n4f7vr2p?hl=en&entry=ttu&g_ep=EgoyMDI2MDkwMi4wIKXMDSoASAFQAw%3D%3D",place_id:ChIJ_R9fZOu3m24RnKAqUCjHqh4,2026-09-06T21:24:45.922Z,/gmapsdata/ccb-results/ccb-batch-01-of-07-results.jsonl
259726,RGC,DEUEL AND DAUGHTER PLUMBING LLC,WELCHES,Clackamas,97067,5034278515,Residential General Contractor,01/22/2026,GMB Found - Website Available,Deuel and Daughter Plumbing,,+1 503-427-8515,http://deuelanddaughterplumbing.com/,,0,Plumber,"https://www.google.com/maps/place/Deuel+and+Daughter+Plumbing/@45.4806695,-122.4782625,10z/data=!3m1!4b1!4m6!3m5!1s0x463423aed2530b13:0x70492015c9de88ba!8m2!3d45.4806695!4d-122.4782626!16s%2Fg%2F11ntxdqn3g?hl=en&entry=ttu&g_ep=EgoyMDI2MDkwMi4wIKXMDSoASAFQAw%3D%3D",place_id:ChIJEwtT0q4jNEYRuojeyRUgSXA,2026-09-06T21:25:26.999Z,/gmapsdata/ccb-results/ccb-batch-01-of-07-results.jsonl
259729,RSC,BEND CUSTOM CARPENTRY LLC,BEND,Deschutes,97702,5416780352,Residential Specialty Contractor,01/08/2026,New Registration - No GMB,,,,,,,,,low_confidence_match_rejected:Bend Construction(0.33),2026-09-06T21:26:48.682Z,/gmapsdata/ccb-results/ccb-batch-01-of-07-results.jsonl
259730,RSC,TRAVIS DEAN HAMILTON & BELINDA BAB HAMILTON,CAVE JUNCTION,Josephine,97523,8085575285,Residential Specialty Contractor,02/24/2026,New Registration - No GMB,,,,,,,,,low_confidence_match_rejected:Cave Junction(0.00),2026-09-06T21:27:09.548Z,/gmapsdata/ccb-results/ccb-batch-01-of-07-results.jsonl
259732,RGC,PROTEMP HEATING AND COOLING LLC,SANDY,Clackamas,97055,9713376881,Residential General Contractor,02/09/2026,New Registration - No GMB,,,,,,,,,low_confidence_match_rejected:ProTemp Conditioning(0.25),2026-09-06T21:27:50.672Z,/gmapsdata/ccb-results/ccb-batch-01-of-07-results.jsonl
259733,RGC,MCH PROJECT STRATEGIES LLC,CORVALLIS,Benton,97330,5417403679,Residential General Contractor,01/08/2026,New Registration - No GMB,,,,,,,,,low_confidence_match_rejected:Corvallis Birth Center(0.00),2026-09-06T21:28:31.832Z,/gmapsdata/ccb-results/ccb-batch-01-of-07-results.jsonl
259734,RSC,STRONG SONS HEATING & COOLING LLC,BEND,Deschutes,97702,5418154556,Residential Specialty Contractor,02/02/2026,GMB Found - Website Available,"Central Oregon Heating, Cooling, Plumbing & Electrical","840 SE Woodland Blvd Ste 135, Bend, OR 97702, United States",+1 541-227-6258,https://coheating.com/bend/?utm_source=google&utm_medium=organic&utm_campaign=gbp,,3573,Air conditioning contractor,"https://www.google.com/maps/place/Central+Oregon+Heating,+Cooling,+Plumbing+%26+Electrical/data=!4m7!3m6!1s0x54b8c76e77b1413d:0x23f699141cb84c01!8m2!3d44.0466091!4d-121.2941637!16s%2Fg%2F11j4pq1k33!19sChIJPUGxd27HuFQRAUy4HBSZ9iM?authuser=0&hl=en&g_ep=EgoyMDI2MDkwMi4wIJJjKgBIAVAD&rclk=1",place_id:ChIJPUGxd27HuFQRAUy4HBSZ9iM,2026-09-06T21:29:33.254Z,/gmapsdata/ccb-results/ccb-batch-01-of-07-results.jsonl
259735,CGC2,FISHER BLADE & HOE LLC,OREGON CITY,Clackamas,97045,5034007827,Commercial General Contractor Level 2,02/09/2026,GMB Found - Website Available,Fisher Blade & Hoe,,+1 503-658-5313,https://fisherbh.com/,,0,Excavating contractor,"https://www.google.com/maps/place/Fisher+Blade+%26+Hoe/@45.4488925,-122.5975921,10z/data=!3m1!4b1!4m6!3m5!1s0x268046b704c44bf9:0x9f0449898937a46a!8m2!3d45.4488925!4d-122.597592!16s%2Fg%2F11z7772_cx?hl=en&entry=ttu&g_ep=EgoyMDI2MDkwMi4wIKXMDSoASAFQAw%3D%3D",place_id:ChIJ-UvEBLdGgCYRaqQ3iYlJBJ8,2026-09-06T21:30:14.440Z,/gmapsdata/ccb-results/ccb-batch-01-of-07-results.jsonl
259735,RGC,FISHER BLADE & HOE LLC,OREGON CITY,Clackamas,97045,5034007827,Residential General Contractor,02/09/2026,GMB Found - Website Available,Fisher Blade & Hoe,,+1 503-658-5313,https://fisherbh.com/,,0,Excavating contractor,"https://www.google.com/maps/place/Fisher+Blade+%26+Hoe/@45.4488925,-122.5975921,10z/data=!3m1!4b1!4m6!3m5!1s0x268046b704c44bf9:0x9f0449898937a46a!8m2!3d45.4488925!4d-122.597592!16s%2Fg%2F11z7772_cx?hl=en&entry=ttu&g_ep=EgoyMDI2MDkwMi4wIKXMDSoASAFQAw%3D%3D",place_id:ChIJ-UvEBLdGgCYRaqQ3iYlJBJ8,2026-09-06T21:30:55.687Z,/gmapsdata/ccb-results/ccb-batch-01-of-07-results.jsonl
259736,RGC,CLT CONSTRUCTION LLC,PLEASANT HILL,Lane,97455,5419123303,Residential General Contractor,01/14/2026,New Registration - No GMB,,,,,,,,,low_confidence_match_rejected:CL Roofing LLC(0.00),2026-09-06T21:32:17.606Z,/gmapsdata/ccb-results/ccb-batch-01-of-07-results.jsonl
259739,RGC,FULLER HANDYMAN AND CONSTRUCTION LLC,SPRINGFIELD,Lane,97477,5416542505,Residential General Contractor,01/13/2026,GMB Found - No Website,Fuller Handyman and Construction,,+1 541-654-2505,,,5,Handyman/Handywoman/Handyperson,"https://www.google.com/maps/place/Fuller+Handyman+and+Construction/@43.863966,-122.9990969,9z/data=!3m1!4b1!4m6!3m5!1s0x2cd7ee271a7e09a9:0x51a904d7b69347b0!8m2!3d43.863966!4d-122.9990969!16s%2Fg%2F11nb9_08bv?hl=en&entry=ttu&g_ep=EgoyMDI2MDkwMi4wIKXMDSoASAFQAw%3D%3D",place_id:ChIJqQl-Gifu1ywRsEeTttcEqVE,2026-09-06T21:32:58.709Z,/gmapsdata/ccb-results/ccb-batch-01-of-07-results.jsonl
259741,RGC,HTM GROUP LLC,UMATILLA,Umatilla,97882,5415713576,Residential General Contractor,01/28/2026,New Registration - No GMB,,,,,,,,,,2026-09-06T21:33:40.006Z,/gmapsdata/ccb-results/ccb-batch-01-of-07-results.jsonl
259742,RGC,C3 CONTRACTORS LLC,CHRISTMAS VALLEY,Lake,97641,5415764597,Residential General Contractor,02/12/2026,New Registration - No GMB,,,,,,,,,low_confidence_match_rejected:Crossbeam Construction(0.00),2026-09-06T21:34:21.105Z,/gmapsdata/ccb-results/ccb-batch-01-of-07-results.jsonl
259743,RGC,GINNAS MEJIA PAINTING & CONSTRUCTION LLC,BEAVERTON,Washington,97078,5035087910,Residential General Contractor,01/12/2026,New Registration - No GMB,,,,,,,,,low_confidence_match_rejected:Residential Construction Enterprise LLC(0.25),2026-09-06T21:35:43.055Z,/gmapsdata/ccb-results/ccb-batch-01-of-07-results.jsonl
259744,RGC,FOUR POINT SOLUTIONS LLC,HAPPY VALLEY,Clackamas,97086,8082945161,Residential General Contractor,01/22/2026,GMB Found - Website Available,Four Point Solutions,,+1 503-708-6702,https://www.fourpointsolutionsnw.com/,,0,Construction company,"https://www.google.com/maps/place/Four+Point+Solutions/@44.3743764,-120.5834015,7z/data=!3m1!4b1!4m6!3m5!1s0xad7aa6116f30c851:0xdb421081de316124!8m2!3d44.3743764!4d-120.5834015!16s%2Fg%2F11z3wj6sht?hl=en&entry=ttu&g_ep=EgoyMDI2MDkwMi4wIKXMDSoASAFQAw%3D%3D",place_id:ChIJUcgwbxGmeq0RJGEx3oEQQts,2026-09-06T21:36:24.252Z,/gmapsdata/ccb-results/ccb-batch-01-of-07-results.jsonl
259745,RGC,ATTABOY HOME SERVICES LLC,MILWAUKIE,Clackamas,97267,5039333443,Residential General Contractor,01/27/2026,GMB Found - Website Available,Attaboy! Home Services LLC,,+1 503-933-3443,https://www.attaboypx.com/,,0,Carpenter,https://www.google.com/maps/place/Attaboy!+Home+Services+LLC/data=!4m7!3m6!1s0x2511a19d6d547bb:0xacb074c1c2277d92!8m2!3d45.4819691!4d-122.6021546!16s%2Fg%2F11yzxt81nn!19sChIJu0fV1hkaUQIRkn0nwsF0sKw?authuser=0&hl=en&g_ep=EgoyMDI2MDkwMi4wIJJjKgBIAVAD&rclk=1,place_id:ChIJu0fV1hkaUQIRkn0nwsF0sKw,2026-09-06T21:36:45.271Z,/gmapsdata/ccb-results/ccb-batch-01-of-07-results.jsonl
259746,RGC,TREVI CONSTRUCTION LLC,DUNDEE,Yamhill,97115,5038999849,Residential General Contractor,01/15/2026,GMB Found - Website Available,Trevi Construction,,+1 503-899-9849,https://treviconstruction.com/,,0,Construction company,"https://www.google.com/maps/place/Trevi+Construction/@45.1538226,-122.9989741,10z/data=!3m1!4b1!4m6!3m5!1s0x8da997f478490161:0x4ccd5c5358823b77!8m2!3d45.1538226!4d-122.9989741!16s%2Fg%2F11z22y1jx_?hl=en&entry=ttu&g_ep=EgoyMDI2MDkwMi4wIKXMDSoASAFQAw%3D%3D",place_id:ChIJYQFJePSXqY0RdzuCWFNczUw,2026-09-06T21:37:26.647Z,/gmapsdata/ccb-results/ccb-batch-01-of-07-results.jsonl
259747,RGC,OREGON STONE PRO LLC,NEWBERG,Yamhill,97132,5035602965,Residential General Contractor,01/15/2026,New Registration - No GMB,,,,,,,,,low_confidence_match_rejected:acorn landscape and construction llc(0.00),2026-09-06T21:38:48.517Z,/gmapsdata/ccb-results/ccb-batch-01-of-07-results.jsonl
259748,RGC,SOUTHPAW CARPENTRY LLC,BEND,Deschutes,97703,5412418747,Residential General Contractor,02/19/2026,GMB Found - Website Available,Southpaw Carpentry,,+1 541-241-8747,https://southpawcarpentry.com/,,0,Carpenter,"https://www.google.com/maps/place/Southpaw+Carpentry/@44.1550445,-121.3588554,11z/data=!3m1!4b1!4m6!3m5!1s0xb08986ead67916d:0xdab656645bea840!8m2!3d44.1550445!4d-121.3588554!16s%2Fg%2F11ycbbgn0m?hl=en&entry=ttu&g_ep=EgoyMDI2MDkwMi4wIKXMDSoASAFQAw%3D%3D",place_id:ChIJbZFnrW6YCAsRQKi-RWZlqw0,2026-09-06T21:39:29.699Z,/gmapsdata/ccb-results/ccb-batch-01-of-07-results.jsonl
259749,RGC,NEWELL CONSTRUCTION LLC,WOODBURN,Marion,97071,9717199281,Residential General Contractor,01/26/2026,GMB Found - Website Available,Newell Construction INC,,+1 613-202-1707,https://newellconstruction.ca/,,3,Construction company,"https://www.google.com/maps/place/Newell+Construction+INC/@44.9369686,-78.9854346,8z/data=!3m1!4b1!4m6!3m5!1s0x635203471dc2e085:0x2532dcf89a2cd9f6!8m2!3d44.9369686!4d-78.9854346!16s%2Fg%2F11ywbp_z8v?hl=en&entry=ttu&g_ep=EgoyMDI2MDkwMi4wIKXMDSoASAFQAw%3D%3D",place_id:ChIJheDCHUcDUmMR9tksmvjcMiU,2026-09-06T21:40:11.097Z,/gmapsdata/ccb-results/ccb-batch-01-of-07-results.jsonl
259750,RGC,RADIA TREE SERVICE LLC,NEWBERG,Yamhill,97132,5035151913,Residential General Contractor,01/22/2026,GMB Found - No Website,Radia Tree Service LLC,,+1 971-492-7895,,,0,Tree service,https://www.google.com/maps/place/Radia+Tree+Service+LLC/data=!4m7!3m6!1s0x21f97aabdb0b248d:0xb5b6be1460d161c5!8m2!3d45.3064265!4d-122.957766!16s%2Fg%2F11zd634m00!19sChIJjSQL26t6-SERxWHRYBS-trU?authuser=0&hl=en&g_ep=EgoyMDI2MDkwMi4wIJJjKgBIAVAD&rclk=1,place_id:ChIJjSQL26t6-SERxWHRYBS-trU,2026-09-06T21:40:32.069Z,/gmapsdata/ccb-results/ccb-batch-01-of-07-results.jsonl
259754,RSC,ABL SPECIALTY CONTRACTING LLC,INDEPENDENCE,Polk,97351,5039910329,Residential Specialty Contractor,02/05/2026,New Registration - No GMB,,,,,,,,,low_confidence_match_rejected:ABL Construction(0.33),2026-09-06T21:41:13.340Z,/gmapsdata/ccb-results/ccb-batch-01-of-07-results.jsonl
259755,RGC,PACIFIC BUILDWORKS CONSTRUCTION LLC,LINCOLN CITY,Lincoln,97367,9196008467,Residential General Contractor,01/20/2026,GMB Found - Website Available,Pacific Construction Solutions,"1595 NE Laurel Ave, Woodburn, OR 97071, United States",+1 971-432-7900,http://www.pacific.construction/,,22,Construction company,"https://www.google.com/maps/place/Pacific+Construction+Solutions/@45.1393597,-122.8391687,17z/data=!3m1!4b1!4m6!3m5!1s0x54955f2ed23bc6bb:0x9fbc459204835cc9!8m2!3d45.1393597!4d-122.8391687!16s%2Fg%2F11jn_t2f0r?hl=en&entry=ttu&g_ep=EgoyMDI2MDkwMi4wIKXMDSoASAFQAw%3D%3D",place_id:ChIJu8Y70i5flVQRyVyDBJJFvJ8,2026-09-06T21:41:54.666Z,/gmapsdata/ccb-results/ccb-batch-01-of-07-results.jsonl
259756,RGC,RIVER VANN INTERIORS LLC,KEIZER,Marion,97303,4428665517,Residential General Contractor,01/16/2026,GMB Found - Website Available,River Vann Interiors LLC,,+1 971-396-1998,https://rivervanninteriors.com/,,4,Interior designer,"https://www.google.com/maps/place/River+Vann+Interiors+LLC/@44.908333,-123.38812,10z/data=!3m1!4b1!4m6!3m5!1s0x498bef4dc0d4021f:0xbec1756be4e9a009!8m2!3d44.908333!4d-123.38812!16s%2Fg%2F11ywggwnm_?hl=en&entry=ttu&g_ep=EgoyMDI2MDkwMi4wIKXMDSoASAFQAw%3D%3D",place_id:ChIJHwLUwE3vi0kRCaDp5Gt1wb4,2026-09-06T21:42:36.098Z,/gmapsdata/ccb-results/ccb-batch-01-of-07-results.jsonl
259757,RGC,MONARCH FLOORING LLC,HILLSBORO,Washington,97124,9713341761,Residential General Contractor,01/16/2026,GMB Found - Website Available,Monarch Floor & Window Coverings,"1627 Ingleton Ave, Burnaby, BC V5C 4L8, Canada",+1 604-253-1009,http://monarchfloors.ca/,,26,Flooring store,"https://www.google.com/maps/place/Monarch+Floor+%26+Window+Coverings/@49.2699629,-123.0192065,17z/data=!3m1!4b1!4m6!3m5!1s0x5486772f0c547823:0x95a38c2b71b671b5!8m2!3d49.2699629!4d-123.0192065!16s%2Fg%2F1vyn3kff?hl=en&entry=ttu&g_ep=EgoyMDI2MDkwMi4wIKXMDSoASAFQAw%3D%3D",place_id:ChIJI3hUDC93hlQRtXG2cSuMo5U,2026-09-06T21:43:17.571Z,/gmapsdata/ccb-results/ccb-batch-01-of-07-results.jsonl
259758,RGC,HECETA BEACH CONSTRUCTION LLC,FLORENCE,Lane,97438,5415769180,Residential General Contractor,01/16/2026,GMB Found - Website Available,Heceta Beach Construction LLC,,+1 541-999-8821,http://hecetabeachconstruction.com/,,0,General contractor,"https://www.google.com/maps/place/Heceta+Beach+Construction+LLC/@43.86178,-124.1061085,11z/data=!3m1!4b1!4m6!3m5!1s0x44809b9e690a8f53:0xfc4b45896b5e7029!8m2!3d43.86178!4d-124.1061085!16s%2Fg%2F11zfw6k8b4?hl=en&entry=ttu&g_ep=EgoyMDI2MDkwMi4wIKXMDSoASAFQAw%3D%3D",place_id:ChIJU48KaZ6bgEQRKXBea4lFS_w,2026-09-06T21:43:58.876Z,/gmapsdata/ccb-results/ccb-batch-01-of-07-results.jsonl
259759,RSC,RICHARD CHARLES FREITAG,PORTLAND,Multnomah,97230,5033348695,Residential Specialty Contractor,01/22/2026,New Registration - No GMB,,,,,,,,,low_confidence_match_rejected:Portland(0.00),2026-09-06T21:44:19.868Z,/gmapsdata/ccb-results/ccb-batch-01-of-07-results.jsonl
259760,RGC,TINNELL CONSTRUCTION LLC,SALEM,Marion,97306,5037793254,Residential General Contractor,01/12/2026,New Registration - No GMB,,,,,,,,,low_confidence_match_rejected:Salem(0.00),2026-09-06T21:44:40.831Z,/gmapsdata/ccb-results/ccb-batch-01-of-07-results.jsonl
259762,RGC,MATTHEW SCOTT HOWELL,GRANTS PASS,Josephine,97527,5412540713,Residential General Contractor,01/16/2026,New Registration - No GMB,,,,,,,,,low_confidence_match_rejected:Josephine County District Attorney(0.00),2026-09-06T21:45:22.263Z,/gmapsdata/ccb-results/ccb-batch-01-of-07-results.jsonl
259766,RGC,JR STOCKER CONSTRUCTION LLC,HERMISTON,Umatilla,97838,5415718034,Residential General Contractor,01/12/2026,GMB Found - Website Available,Knerr Construction Inc,"1565 N 1st St #2, Hermiston, OR 97838, United States",+1 541-567-6914,http://knerrconstruction.com/,,4,Construction company,"https://www.google.com/maps/place/Knerr+Construction+Inc/@45.852597,-119.290685,17z/data=!3m1!4b1!4m6!3m5!1s0x54a2b9158702d8a7:0xf429c6b5b2183105!8m2!3d45.852597!4d-119.290685!16s%2Fg%2F11tf28dht?hl=en&entry=ttu&g_ep=EgoyMDI2MDkwMi4wIKXMDSoASAFQAw%3D%3D",place_id:ChIJp9gChxW5olQRBTEYsrXGKfQ,2026-09-06T21:46:03.707Z,/gmapsdata/ccb-results/ccb-batch-01-of-07-results.jsonl
259768,RGC,MR HVAC HEATING AND COOLING LLC,FOREST GROVE,Washington,97116,5033848085,Residential General Contractor,02/11/2026,GMB Found - No Website,Mr.HVAC Heating and Cooling,,+1 503-858-2106,,,4,HVAC contractor,"https://www.google.com/maps/place/Mr.HVAC+Heating+and+Cooling/@45.5427145,-122.6543856,11z/data=!3m1!4b1!4m6!3m5!1s0x24034ea0ffc6ef1b:0x9cb442daecb40cec!8m2!3d45.5427145!4d-122.6543856!16s%2Fg%2F11nqf8hvj3?hl=en&entry=ttu&g_ep=EgoyMDI2MDkwMi4wIKXMDSoASAFQAw%3D%3D",place_id:ChIJG-_G_6BOAyQR7Ay07NpCtJw,2026-09-06T21:46:45.070Z,/gmapsdata/ccb-results/ccb-batch-01-of-07-results.jsonl
259769,RGC,BENCHMARK CABINET COATINGS LLC,BEND,Deschutes,97702,4402512573,Residential General Contractor,01/13/2026,GMB Found - Website Available,Benchmark Cabinet Coatings LLC,,+1 440-251-2573,http://www.benchmarkbend.com/,,3,Painter,"https://www.google.com/maps/place/Benchmark+Cabinet+Coatings+LLC/@44.0022925,-120.9494715,9z/data=!3m1!4b1!4m6!3m5!1s0xab643985397375d5:0x935bbf7dcb47508e!8m2!3d44.0022925!4d-120.9494715!16s%2Fg%2F11mzddz36d?hl=en&entry=ttu&g_ep=EgoyMDI2MDkwMi4wIKXMDSoASAFQAw%3D%3D",place_id:ChIJ1XVzOYU5ZKsRjlBHy32_W5M,2026-09-06T21:47:26.488Z,/gmapsdata/ccb-results/ccb-batch-01-of-07-results.jsonl
259770,RGC,AKI ENERGY ASSESSMENT AND RETROFIT LLC,PORTLAND,Multnomah,97266,9719859004,Residential General Contractor,01/30/2026,New Registration - No GMB,,,,,,,,,low_confidence_match_rejected:Orion Energy Score LLC(0.20),2026-09-06T21:48:28.200Z,/gmapsdata/ccb-results/ccb-batch-01-of-07-results.jsonl
259771,RGC,FASTRACK RESET PROPERTY MAINTENANCE LLC,DAMASCUS,Clackamas,97089,3234230425,Residential General Contractor,03/10/2026,New Registration - No GMB,,,,,,,,,low_confidence_match_rejected:FastTrack Excavation Inc.(0.00),2026-09-06T21:49:09.743Z,/gmapsdata/ccb-results/ccb-batch-01-of-07-results.jsonl
259772,RGC,HOKANSON HOMES LLC,SANDY,Clackamas,97055,9717084875,Residential General Contractor,01/13/2026,New Registration - No GMB,,,,,,,,,low_confidence_match_rejected:Sandy(0.00),2026-09-06T21:49:30.757Z,/gmapsdata/ccb-results/ccb-batch-01-of-07-results.jsonl
259773,RGC,ACA FLOORING & REMODELING LLC,PORTLAND,Multnomah,97233,3604093346,Residential General Contractor,01/16/2026,New Registration - No GMB,,,,,,,,,low_confidence_match_rejected:Alcor Design LLC(0.00),2026-09-06T21:50:53.273Z,/gmapsdata/ccb-results/ccb-batch-01-of-07-results.jsonl
259774,RGC,ARMOR GENERAL CONTRACTING LLC,HAMMOND,Clatsop,97121,5037910070,Residential General Contractor,03/26/2026,New Registration - No GMB,,,,,,,,,low_confidence_match_rejected:ARM CONSTRUCTION SERVICES(0.00),2026-09-06T21:51:34.842Z,/gmapsdata/ccb-results/ccb-batch-01-of-07-results.jsonl
259775,RGC,ALLEN ENT LLC,BEND,Deschutes,97702,5416998864,Residential General Contractor,01/20/2026,New Registration - No GMB,,,,,,,,,"low_confidence_match_rejected:Central Oregon Ear, Nose and Throat(0.00)",2026-09-06T21:52:36.957Z,/gmapsdata/ccb-results/ccb-batch-01-of-07-results.jsonl
259777,RGC,ELEVATE DEVELOPMENT GROUP LLC,REDMOND,Deschutes,97756,5413509605,Residential General Contractor,03/03/2026,New Registration - No GMB,,,,,,,,,low_confidence_match_rejected:Elevation Property Management(0.00),2026-09-06T21:52:58.282Z,/gmapsdata/ccb-results/ccb-batch-01-of-07-results.jsonl
259779,RGC,LEVI LUIS CARD,SEASIDE,Clatsop,97138,5037391411,Residential General Contractor,01/14/2026,New Registration - No GMB,,,,,,,,,low_confidence_match_rejected:The Lewis & Clark Salt Works(0.00),2026-09-06T21:53:39.715Z,/gmapsdata/ccb-results/ccb-batch-01-of-07-results.jsonl
259783,CGC2,SUMMIT OPERATIONS GROUP LLC,LA PINE,Deschutes,97739,5419076061,Commercial General Contractor Level 2,01/21/2026,New Registration - No GMB,,,,,,,,,low_confidence_match_rejected:La Pine(0.00),2026-09-06T21:54:01.025Z,/gmapsdata/ccb-results/ccb-batch-01-of-07-results.jsonl
259783,RGC,SUMMIT OPERATIONS GROUP LLC,LA PINE,Deschutes,97739,5419076061,Residential General Contractor,01/21/2026,New Registration - No GMB,,,,,,,,,low_confidence_match_rejected:La Pine(0.00),2026-09-06T21:54:22.255Z,/gmapsdata/ccb-results/ccb-batch-01-of-07-results.jsonl
259786,RGC,BOSS PROBUILDERS LLC,OREGON CITY,Clackamas,97045,3609825528,Residential General Contractor,02/25/2026,New Registration - No GMB,,,,,,,,,low_confidence_match_rejected:Viper Construction(0.00),2026-09-06T21:55:24.332Z,/gmapsdata/ccb-results/ccb-batch-01-of-07-results.jsonl
259789,RGC,TROY MICHAEL CAWVEY,MILWAUKIE,Multnomah,97222,9714219295,Residential General Contractor,02/23/2026,New Registration - No GMB,,,,,,,,,low_confidence_match_rejected:Multnomah County(0.00),2026-09-06T21:55:46.053Z,/gmapsdata/ccb-results/ccb-batch-01-of-07-results.jsonl
259790,RGC,MGR PAINTING LLC,HILLSBORO,Washington,97123,5034311238,Residential General Contractor,01/20/2026,GMB Found - No Website,M B Painting,"1625 SE Brookwood Ave, Hillsboro, OR 97123, United States",+1 503-640-0632,,,4,Painting,https://www.google.com/maps/place/M+B+Painting/data=!4m7!3m6!1s0x54950fdde1cb456d:0x7783baa0b3913f9f!8m2!3d45.5075423!4d-122.9317873!16s%2Fg%2F11dxf1fd1x!19sChIJbUXL4d0PlVQRnz-Rs6C6g3c?authuser=0&hl=en&g_ep=EgoyMDI2MDkwMi4wIJJjKgBIAVAD&rclk=1,place_id:ChIJbUXL4d0PlVQRnz-Rs6C6g3c,2026-09-06T21:57:08.687Z,/gmapsdata/ccb-results/ccb-batch-01-of-07-results.jsonl
259792,RGC,JORDAN NICHOLAS STAROSCIAK,GOLD BEACH,Curry,97444,3132903480,Residential General Contractor,01/16/2026,New Registration - No GMB,,,,,,,,,low_confidence_match_rejected:Curry General Hospital(0.00),2026-09-06T21:57:50.465Z,/gmapsdata/ccb-results/ccb-batch-01-of-07-results.jsonl
259793,RGC,UNITE FENCING LLC,OREGON CITY,Clackamas,97045,5039841843,Residential General Contractor,01/20/2026,GMB Found - Website Available,Unite Fencing,,+1 503-984-1843,https://www.unitefencing.com/,,11,Fence contractor,"https://www.google.com/maps/place/Unite+Fencing/@45.2143619,-122.264562,10z/data=!3m1!4b1!4m6!3m5!1s0x549571ef7476d081:0xa2d3ecf7a1ef60c7!8m2!3d45.2143619!4d-122.264562!16s%2Fg%2F11xtb9f47m?hl=en&entry=ttu&g_ep=EgoyMDI2MDkwMi4wIKXMDSoASAFQAw%3D%3D",place_id:ChIJgdB2dO9xlVQRx2Dvoffs06I,2026-09-06T21:58:32.079Z,/gmapsdata/ccb-results/ccb-batch-01-of-07-results.jsonl
259794,RGC,PAX PLACE CONSTRUCTION LLC,SALEM,Marion,97306,5039918425,Residential General Contractor,01/26/2026,New Registration - No GMB,,,,,,,,,low_confidence_match_rejected:PAS Construction LLC(0.33),2026-09-06T21:59:13.726Z,/gmapsdata/ccb-results/ccb-batch-01-of-07-results.jsonl
259795,RGC,SPLASH BROTHERS PAINTING & RENOVATIONS LLC,SHERWOOD,Washington,97140,5412176537,Residential General Contractor,01/22/2026,GMB Found - Website Available,"Two Brothers Painting, LLC","22148 SW Hall St, Sherwood, OR 97140, United States",+1 503-201-7240,https://www.2brotherspainting.com/,,68,Painter,"https://www.google.com/maps/place/Two+Brothers+Painting,+LLC/@45.3597464,-122.8308922,17z/data=!3m1!4b1!4m6!3m5!1s0x54956d67cc1f3d5b:0x7fd232944ea354b6!8m2!3d45.3597464!4d-122.8308922!16s%2Fg%2F11s63fpj8b?hl=en&entry=ttu&g_ep=EgoyMDI2MDkwMi4wIKXMDSoASAFQAw%3D%3D",place_id:ChIJWz0fzGdtlVQRtlSjTpQy0n8,2026-09-06T21:59:34.949Z,/gmapsdata/ccb-results/ccb-batch-01-of-07-results.jsonl
259796,RGC,PRO FINISH CONSTRUCTION LLC,LAKE OSWEGO,Clackamas,97034,5033139529,Residential General Contractor,01/16/2026,New Registration - No GMB,,,,,,,,,"low_confidence_match_rejected:ProFinish Construction, LLC(0.33)",2026-09-06T22:00:57.548Z,/gmapsdata/ccb-results/ccb-batch-01-of-07-results.jsonl
259802,RSC,CAYOCCA CONSTRUCTION LLC,CENTRAL POINT,Jackson,97502,5418214614,Residential Specialty Contractor,01/02/2026,GMB Found - No Website,Pacific Construction Company LLC,,+1 541-621-1631,,,6,General contractor,https://www.google.com/maps/place/Pacific+Construction+Company+LLC/data=!4m7!3m6!1s0x43b788034c389acf:0xb22bf4f2e355edb!8m2!3d42.39993!4d-123.0211896!16s%2Fg%2F11s5ny14dz!19sChIJz5o4TAOIt0MR2141Lk-_Igs?authuser=0&hl=en&g_ep=EgoyMDI2MDkwMi4wIJJjKgBIAVAD&rclk=1,place_id:ChIJz5o4TAOIt0MR2141Lk-_Igs,2026-09-06T22:01:39.202Z,/gmapsdata/ccb-results/ccb-batch-01-of-07-results.jsonl
259803,RGC,NOVUM SANGUINEM INC,TIGARD,Washington,97223,9253215214,Residential General Contractor,01/21/2026,New Registration - No GMB,,,,,,,,,"low_confidence_match_rejected:Inovia Vein Specialty Centers, now part of Center for Vein Restoration(0.00)",2026-09-06T22:02:21.041Z,/gmapsdata/ccb-results/ccb-batch-01-of-07-results.jsonl
259804,RGC,BACKWOODS YARD SERVICES LLC,TYGH VALLEY,Wasco,97063,5413400516,Residential General Contractor,02/17/2026,GMB Found - No Website,Backwoods services,,+1 208-916-2413,,,16,Property maintenance,"https://www.google.com/maps/place/Backwoods+services/@47.0542437,-115.6915715,7z/data=!3m1!4b1!4m6!3m5!1s0xc5ac150a054c999:0x39de663eb612de0d!8m2!3d47.0542437!4d-115.6915716!16s%2Fg%2F11yn01xvn2?hl=en&entry=ttu&g_ep=EgoyMDI2MDkwMi4wIKXMDSoASAFQAw%3D%3D",place_id:ChIJmclUoFDBWgwRDd4Stj5m3jk,2026-09-06T22:03:02.693Z,/gmapsdata/ccb-results/ccb-batch-01-of-07-results.jsonl
259805,RLC,ELEVATION NW LLC,BEND,Deschutes,97709,5034491145,Residential Limited Contractor,01/30/2026,GMB Found - Website Available,Elevation,"2555 NW Campus Village Way, Bend, OR 97703, United States",+1 541-318-3735,https://cascadeculinary.com/elevation/,,28,American restaurant,https://www.google.com/maps/place/Elevation/data=!4m7!3m6!1s0x54b8c85e763c3e6d:0x39f0e5daba8c5d99!8m2!3d44.0688638!4d-121.3531305!16s%2Fg%2F1hg4x80k9!19sChIJbT48dl7IuFQRmV2Mutrl8Dk?authuser=0&hl=en&g_ep=EgoyMDI2MDkwMi4wIJJjKgBIAVAD&rclk=1,place_id:ChIJbT48dl7IuFQRmV2Mutrl8Dk,2026-09-06T22:03:23.992Z,/gmapsdata/ccb-results/ccb-batch-01-of-07-results.jsonl
259806,RGC,SAFEHAVE FIRE HOME SERVICES LLC,BEND,Deschutes,97702,2063549059,Residential General Contractor,01/28/2026,New Registration - No GMB,,,,,,,,,low_confidence_match_rejected:Safehaven Fire(0.25),2026-09-06T22:04:05.708Z,/gmapsdata/ccb-results/ccb-batch-01-of-07-results.jsonl
259807,CGC2,OVERLAND ELECTRIC LLC,BEND,Deschutes,97701,5416680731,Commercial General Contractor Level 2,01/22/2026,GMB Found - Website Available,Bend Electric Inc,"63349 Nels Anderson Rd, Bend, OR 97701, United States",+1 541-382-3589,http://bendelectric.net/,,25,Electrician,https://www.google.com/maps/place/Bend+Electric+Inc/data=!4m7!3m6!1s0x54b8cf2885282549:0x11a20d598064cd5e!8m2!3d44.0999231!4d-121.2981033!16s%2Fg%2F1tf3b832!19sChIJSSUohSjPuFQRXs1kgFkNohE?authuser=0&hl=en&g_ep=EgoyMDI2MDkwMi4wIJJjKgBIAVAD&rclk=1,place_id:ChIJSSUohSjPuFQRXs1kgFkNohE,2026-09-06T22:04:47.676Z,/gmapsdata/ccb-results/ccb-batch-01-of-07-results.jsonl
259807,RGC,OVERLAND ELECTRIC LLC,BEND,Deschutes,97701,5416680731,Residential General Contractor,01/22/2026,GMB Found - Website Available,Bend Electric Inc,"63349 Nels Anderson Rd, Bend, OR 97701, United States",+1 541-382-3589,http://bendelectric.net/,,25,Electrician,https://www.google.com/maps/place/Bend+Electric+Inc/data=!4m7!3m6!1s0x54b8cf2885282549:0x11a20d598064cd5e!8m2!3d44.0999231!4d-121.2981033!16s%2Fg%2F1tf3b832!19sChIJSSUohSjPuFQRXs1kgFkNohE?authuser=0&hl=en&g_ep=EgoyMDI2MDkwMi4wIJJjKgBIAVAD&rclk=1,place_id:ChIJSSUohSjPuFQRXs1kgFkNohE,2026-09-06T22:05:29.479Z,/gmapsdata/ccb-results/ccb-batch-01-of-07-results.jsonl
259808,RGC,STATELINE PLUMBING & DRAIN LLC,ADRIAN,Malheur,97901,5412123686,Residential General Contractor,04/10/2026,GMB Found - Website Available,Stateline Plumbing and Drain,,+1 541-212-3686,https://statelineplumbinganddrain.com/,,15,Plumber,"https://www.google.com/maps/place/Stateline+Plumbing+and+Drain/@43.6244725,-116.8560786,9z/data=!3m1!4b1!4m6!3m5!1s0x54afc582cff78c2d:0x15b7fdc2dabd2890!8m2!3d43.6244725!4d-116.8560786!16s%2Fg%2F11fspzt1d5?hl=en&entry=ttu&g_ep=EgoyMDI2MDkwMi4wIKXMDSoASAFQAw%3D%3D",place_id:ChIJLYz3z4LFr1QRkCi92sL9txU,2026-09-06T22:06:11.131Z,/gmapsdata/ccb-results/ccb-batch-01-of-07-results.jsonl
259809,RGC,WYATT NOLAND CONSTRUCTION LLC,HERMISTON,Umatilla,97838,5417014352,Residential General Contractor,01/26/2026,New Registration - No GMB,,,,,,,,,low_confidence_match_rejected:PNW WORKS LLC(0.00),2026-09-06T22:06:32.516Z,/gmapsdata/ccb-results/ccb-batch-01-of-07-results.jsonl
259810,RGC,GRID ELECTRIC LLC,TROUTDALE,Multnomah,97060,9713307467,Residential General Contractor,01/21/2026,GMB Found - Website Available,Grid Electric,,+1 971-330-7467,https://gridelectric.us/,,14,Electrician,"https://www.google.com/maps/place/Grid+Electric/@45.4364076,-122.6130565,8z/data=!3m1!4b1!4m6!3m5!1s0x856debdbd799df11:0x1cd35489ef741dbb!8m2!3d45.4364076!4d-122.6130565!16s%2Fg%2F11mspzr27w?hl=en&entry=ttu&g_ep=EgoyMDI2MDkwMi4wIKXMDSoASAFQAw%3D%3D",place_id:ChIJEd-Z19vrbYURux1074lU0xw,2026-09-06T22:06:53.780Z,/gmapsdata/ccb-results/ccb-batch-01-of-07-results.jsonl
259811,RGC,ALLENS GRANITE AND MARBLE LLC,BROOKINGS,Curry,97415,5309662414,Residential General Contractor,02/03/2026,GMB Found - Website Available,Allens Granite And Marble LLC,"15673 US-101, Brookings, OR 97415, United States",+1 530-966-2414,https://www.ccblookup.com/contractor/allens-granite-and-marble-llc-259811/,,49,Granite supplier,"https://www.google.com/maps/place/Allens+Granite+And+Marble+LLC/@42.0345136,-124.2401764,17z/data=!3m1!4b1!4m6!3m5!1s0xa6c7bfb67daa9061:0xfea7d121c54802c4!8m2!3d42.0345136!4d-124.2401764!16s%2Fg%2F11rxrrn7sr?hl=en&entry=ttu&g_ep=EgoyMDI2MDkwMi4wIKXMDSoASAFQAw%3D%3D",place_id:ChIJYZCqfba_x6YRxAJIxSHRp_4,2026-09-06T22:07:35.509Z,/gmapsdata/ccb-results/ccb-batch-01-of-07-results.jsonl
259813,CSC1,PWR PRO ELECTRIC LLC,PORTLAND,Multnomah,97230,9713406130,Commercial Specialty Contractor Level 1,01/23/2026,GMB Found - Website Available,PWR PRO ELECTRIC,,+1 503-984-1097,http://www.pwr-pro-electric.com/,,41,Electrician,"https://www.google.com/maps/place/PWR+PRO+ELECTRIC/@45.5229235,-122.602106,11z/data=!3m1!4b1!4m6!3m5!1s0x4544d1c28e0d4d6b:0xd2c788ff81fc890!8m2!3d45.5229234!4d-122.602106!16s%2Fg%2F11z1snpnvj?hl=en&entry=ttu&g_ep=EgoyMDI2MDkwMi4wIKXMDSoASAFQAw%3D%3D",place_id:ChIJa00NjsLRREURkMgf-I94LA0,2026-09-06T22:08:17.242Z,/gmapsdata/ccb-results/ccb-batch-01-of-07-results.jsonl
259813,RSC,PWR PRO ELECTRIC LLC,PORTLAND,Multnomah,97230,9713406130,Residential Specialty Contractor,01/23/2026,GMB Found - Website Available,PWR PRO ELECTRIC,,+1 503-984-1097,http://www.pwr-pro-electric.com/,,41,Electrician,"https://www.google.com/maps/place/PWR+PRO+ELECTRIC/@45.5229235,-122.602106,11z/data=!3m1!4b1!4m6!3m5!1s0x4544d1c28e0d4d6b:0xd2c788ff81fc890!8m2!3d45.5229234!4d-122.602106!16s%2Fg%2F11z1snpnvj?hl=en&entry=ttu&g_ep=EgoyMDI2MDkwMi4wIKXMDSoASAFQAw%3D%3D",place_id:ChIJa00NjsLRREURkMgf-I94LA0,2026-09-06T22:08:59.186Z,/gmapsdata/ccb-results/ccb-batch-01-of-07-results.jsonl
259815,RGC,TREE FORT ELECTRIC LLC,PORTLAND,Multnomah,97218,5039281199,Residential General Contractor,01/28/2026,GMB Found - Website Available,Tree fort electric llc,,+1 503-504-5322,https://treefortelectric.com/,,0,Electrician,"https://www.google.com/maps/place/Tree+fort+electric+llc/@45.5427145,-122.6543856,11z/data=!3m1!4b1!4m6!3m5!1s0x48a5e02ee15998b9:0xe51f74ad921a2b8c!8m2!3d45.5427145!4d-122.6543856!16s%2Fg%2F11zd4xws36?hl=en&entry=ttu&g_ep=EgoyMDI2MDkwMi4wIKXMDSoASAFQAw%3D%3D",place_id:ChIJuZhZ4S7gpUgRjCsakq10H-U,2026-09-06T22:09:41.040Z,/gmapsdata/ccb-results/ccb-batch-01-of-07-results.jsonl
259816,RGC,RIVERSIDE CONSTRUCTION LLC,GALES CREEK,Washington,97117,5032689262,Residential General Contractor,01/22/2026,GMB Found - Website Available,"River's Edge Construction, LLC.",,+1 509-552-1496,https://www.facebook.com/RiversEdgeConstructionLLC1,,3,General contractor,"https://www.google.com/maps/place/River%27s+Edge+Construction,+LLC./data=!4m7!3m6!1s0xedeb220f0139ff1:0x12829c8edab75ee0!8m2!3d46.3822206!4d-116.9882285!16s%2Fg%2F11pcl0b9l3!19sChIJ8Z8T8CCy3g4R4F632o6cghI?authuser=0&hl=en&g_ep=EgoyMDI2MDkwMi4wIJJjKgBIAVAD&rclk=1",place_id:ChIJ8Z8T8CCy3g4R4F632o6cghI,2026-09-06T22:10:23.026Z,/gmapsdata/ccb-results/ccb-batch-01-of-07-results.jsonl
259817,RLC,NAILED IT! QUALITY REMODELING LLC,MEDFORD,Jackson,97504,5415311412,Residential Limited Contractor,01/23/2026,New Registration - No GMB,,,,,,,,,low_confidence_match_rejected:Nailed It(0.33),2026-09-06T22:11:04.860Z,/gmapsdata/ccb-results/ccb-batch-01-of-07-results.jsonl
259818,RGC,MCLANE PRO LLC,BEND,Deschutes,97703,5413906442,Residential General Contractor,02/09/2026,New Registration - No GMB,,,,,,,,,low_confidence_match_rejected:Bend(0.00),2026-09-06T22:11:26.258Z,/gmapsdata/ccb-results/ccb-batch-01-of-07-results.jsonl
259819,RGC,ALLSET MAINTENANCE LLC,TALENT,Jackson,97540,5412617897,Residential General Contractor,02/03/2026,New Registration - No GMB,,,,,,,,,,2026-09-06T22:12:08.078Z,/gmapsdata/ccb-results/ccb-batch-01-of-07-results.jsonl
259820,CGC2,SKYDEK CONSTRUCTION INC,PORTLAND,Multnomah,97223,5143506754,Commercial General Contractor Level 2,03/03/2026,GMB Found - Website Available,Shekina Construction Llc,,+1 503-758-1327,http://www.shekinaconstructionllc.org/,,4,General contractor,https://www.google.com/maps/place/Shekina+Construction+Llc/data=!4m7!3m6!1s0x2d9c906fa72ec0db:0xb452665a19922baa!8m2!3d44.1455904!4d-120.5834015!16s%2Fg%2F11tr_fy2p5!19sChIJ28Aup2-QnC0RqiuSGVpmUrQ?authuser=0&hl=en&g_ep=EgoyMDI2MDkwMi4wIJJjKgBIAVAD&rclk=1,place_id:ChIJ28Aup2-QnC0RqiuSGVpmUrQ,2026-09-06T22:12:50.071Z,/gmapsdata/ccb-results/ccb-batch-01-of-07-results.jsonl
259822,RGC,AFFORDABLE HANDYMAN & PAINTING LLC,ROSEBURG,Douglas,97471,5414301714,Residential General Contractor,01/26/2026,New Registration - No GMB,,,,,,,,,low_confidence_match_rejected:Handyman Paint & Hardware(0.33),2026-09-06T22:13:31.881Z,/gmapsdata/ccb-results/ccb-batch-01-of-07-results.jsonl
259823,RSC,EVERGREEN TILE LLC,WALDPORT,Lincoln,97394,3073402248,Residential Specialty Contractor,01/26/2026,New Registration - No GMB,,,,,,,,,low_confidence_match_rejected:Alsea Bay Granite Unlimited(0.00),2026-09-06T22:14:13.779Z,/gmapsdata/ccb-results/ccb-batch-01-of-07-results.jsonl
259824,RGC,CORNERSTONE HOME RENOVATIONS LLC,GRESHAM,Multnomah,97080,9719305075,Residential General Contractor,01/26/2026,GMB Found - Website Available,"Cornerstone Total Home, LLC","5305 NE 121st Ave Unit(s), 313, Vancouver, WA 98682, United States",+1 360-228-1718,http://www.cornerstonetotalhome.com/,,3,Remodeler,"https://www.google.com/maps/place/Cornerstone+Total+Home,+LLC/data=!4m7!3m6!1s0x4c03a523bd007e4d:0x6e8d19e94ff7ae3a!8m2!3d45.6617462!4d-122.5483569!16s%2Fg%2F11t_v192yc!19sChIJTX4AvSOlA0wROq73T-kZjW4?authuser=0&hl=en&g_ep=EgoyMDI2MDkwMi4wIJJjKgBIAVAD&rclk=1",place_id:ChIJTX4AvSOlA0wROq73T-kZjW4,2026-09-06T22:14:55.745Z,/gmapsdata/ccb-results/ccb-batch-01-of-07-results.jsonl
259825,RGC,MCCARTY CONSTRUCT LLC,GRANTS PASS,Josephine,97526,5413249678,Residential General Contractor,02/04/2026,New Registration - No GMB,,,,,,,,,low_confidence_match_rejected:Mc Carthy Construction Ltd.(0.00),2026-09-06T22:15:37.896Z,/gmapsdata/ccb-results/ccb-batch-01-of-07-results.jsonl
259826,RGC,DOS RIOS REMODELING & CONSTRUCTION LLC,PORTLAND,Multnomah,97216,5035152599,Residential General Contractor,01/27/2026,GMB Found - Website Available,Rios Remodeling llc,"6775 Old Waterloo Rd, Elkridge, MD 21075, United States",+1 301-532-5593,https://www.riosremodelingllc.com/contact,,57,Contractor,"https://www.google.com/maps/place/Rios+Remodeling+llc/@39.1877455,-76.7809441,17z/data=!3m1!4b1!4m6!3m5!1s0x89b7e054dc900001:0x31d1e5739aa4e6e3!8m2!3d39.1877455!4d-76.7809441!16s%2Fg%2F11p73q68m3?hl=en&entry=ttu&g_ep=EgoyMDI2MDkwMi4wIKXMDSoASAFQAw%3D%3D",place_id:ChIJAQCQ3FTgt4kR4-akmnPl0TE,2026-09-06T22:16:19.752Z,/gmapsdata/ccb-results/ccb-batch-01-of-07-results.jsonl
259828,RGC,WRENLEY BUILT LLC,REMOND,Deschutes,97756,5414190092,Residential General Contractor,01/26/2026,New Registration - No GMB,,,,,,,,,low_confidence_match_rejected:WRBuilt Construction LLC.(0.00),2026-09-06T22:17:01.738Z,/gmapsdata/ccb-results/ccb-batch-01-of-07-results.jsonl
259829,RGC,FRENCH CREEK LLC,CRESWELL,Lane,97426,5415203639,Residential General Contractor,01/28/2026,New Registration - No GMB,,,,,,,,,low_confidence_match_rejected:Walmart Supercenter(0.00),2026-09-06T22:17:43.624Z,/gmapsdata/ccb-results/ccb-batch-01-of-07-results.jsonl
259831,RGC,ACAXEE GENERAL CONSTRUCTION LLC,SALEM,Marion,97317,9712185918,Residential General Contractor,01/23/2026,New Registration - No GMB,,,,,,,,,low_confidence_match_rejected:Arechigas Concrete Construction LLC(0.33),2026-09-06T22:18:25.658Z,/gmapsdata/ccb-results/ccb-batch-01-of-07-results.jsonl
259832,RGC,PRECISION SIDING AND CONSTRUCTION LLC,YAMHILL,Yamhill,97148,5039980504,Residential General Contractor,02/03/2026,GMB Found - Website Available,Precision Siding and Construction LLC,,,https://psiding.com/,,1,Siding contractor,"https://www.google.com/maps/place/Precision+Siding+and+Construction+LLC/@45.4192575,-122.86316,10z/data=!3m1!4b1!4m6!3m5!1s0x261439222f9b3673:0x44becb475e8d4549!8m2!3d45.4192575!4d-122.86316!16s%2Fg%2F11nbkbx4ld?hl=en&entry=ttu&g_ep=EgoyMDI2MDkwMi4wIKXMDSoASAFQAw%3D%3D",place_id:ChIJczabLyI5FCYRSUWNXkfLvkQ,2026-09-06T22:19:07.670Z,/gmapsdata/ccb-results/ccb-batch-01-of-07-results.jsonl
259833,RGC,LAZERBEAM ELECTRIC LLC,PORTLAND,Multnomah,97220,8058166276,Residential General Contractor,01/27/2026,GMB Found - Website Available,Lazerbeam Electric,"12023 NE Brazee St, Portland, OR 97220, United States",+1 503-730-0789,https://www.lazerbeamelectric.com/,,6,Electrician,"https://www.google.com/maps/place/Lazerbeam+Electric/@45.5407124,-122.5389416,17z/data=!3m1!4b1!4m6!3m5!1s0x5495a32fee240d19:0x4a7d4467d3eac403!8m2!3d45.5407124!4d-122.5389416!16s%2Fg%2F11y_k1q9kd?hl=en&entry=ttu&g_ep=EgoyMDI2MDkwMi4wIKXMDSoASAFQAw%3D%3D",place_id:ChIJGQ0k7i-jlVQRA8Tq02dEfUo,2026-09-06T22:19:49.777Z,/gmapsdata/ccb-results/ccb-batch-01-of-07-results.jsonl
259834,RGC,ELITE EDGE CONSTRUCTION LLC,GRANTS PASS,Josephine,97527,5416607147,Residential General Contractor,01/23/2026,GMB Found - No Website,Elite Edge Construction LLC,,+1 541-660-7147,,,2,Construction company,"https://www.google.com/maps/place/Elite+Edge+Construction+LLC/@42.3863655,-123.1383105,11z/data=!3m1!4b1!4m6!3m5!1s0x60c1d4680db24ce5:0xf01e2efbce80fc67!8m2!3d42.3863655!4d-123.1383105!16s%2Fg%2F11n43gbdb_?hl=en&entry=ttu&g_ep=EgoyMDI2MDkwMi4wIKXMDSoASAFQAw%3D%3D",place_id:ChIJ5UyyDWjUwWARZ_yAzvsuHvA,2026-09-06T22:20:31.731Z,/gmapsdata/ccb-results/ccb-batch-01-of-07-results.jsonl
259835,RGC,G CANCINOS HARD SCAPING LLC,WARREN,Washington,97053,9712909697,Residential General Contractor,01/29/2026,New Registration - No GMB,,,,,,,,,low_confidence_match_rejected:G Cancino's Hardscaping(0.33),2026-09-06T22:21:13.705Z,/gmapsdata/ccb-results/ccb-batch-01-of-07-results.jsonl
259837,LBPR,SHIM DESIGN BUILD CO,PORTLAND,Multnomah,97218,5037403344,Lead Based Paint Renovation Contractor,02/10/2026,GMB Found - Website Available,SHIM Design Build Collective,,+1 971-459-7446,https://shimdesignbuild.com/,,0,Custom home builder,"https://www.google.com/maps/place/SHIM+Design+Build+Collective/@45.3329605,-122.7184804,9z/data=!3m1!4b1!4m6!3m5!1s0xaf81ffc02bea87f3:0xa29f5437f13312a0!8m2!3d45.3329604!4d-122.7184804!16s%2Fg%2F11z4lts78n?hl=en&entry=ttu&g_ep=EgoyMDI2MDkwMi4wIKXMDSoASAFQAw%3D%3D",place_id:ChIJ84fqK8D_ga8RoBIz8TdUn6I,2026-09-06T22:22:16.150Z,/gmapsdata/ccb-results/ccb-batch-01-of-07-results.jsonl
259837,RGC,SHIM DESIGN BUILD CO,PORTLAND,Multnomah,97218,5037403344,Residential General Contractor,01/27/2026,GMB Found - Website Available,SHIM Design Build Collective,,+1 971-459-7446,https://shimdesignbuild.com/,,0,Custom home builder,"https://www.google.com/maps/place/SHIM+Design+Build+Collective/@45.3329605,-122.7184804,9z/data=!3m1!4b1!4m6!3m5!1s0xaf81ffc02bea87f3:0xa29f5437f13312a0!8m2!3d45.3329604!4d-122.7184804!16s%2Fg%2F11z4lts78n?hl=en&entry=ttu&g_ep=EgoyMDI2MDkwMi4wIKXMDSoASAFQAw%3D%3D",place_id:ChIJ84fqK8D_ga8RoBIz8TdUn6I,2026-09-06T22:22:58.276Z,/gmapsdata/ccb-results/ccb-batch-01-of-07-results.jsonl
259840,RGC,CARPENTRY BY CAMERON LLC,HILLSBORO,Washington,97123,9516095548,Residential General Contractor,02/25/2026,GMB Found - Website Available,Cameron Contractors LLC,"3916 NW 136th St, Vancouver, WA 98685, United States",+1 360-597-6048,http://cameroncontractors.com/,,27,General contractor,"https://www.google.com/maps/place/Cameron+Contractors+LLC/@45.7195245,-122.7125696,17z/data=!3m1!4b1!4m6!3m5!1s0x4343097937792229:0xa602254c0938be6!8m2!3d45.7195245!4d-122.7125696!16s%2Fg%2F11r_d7gkz3?hl=en&entry=ttu&g_ep=EgoyMDI2MDkwMi4wIKXMDSoASAFQAw%3D%3D",place_id:ChIJKSJ5N3kJQ0MR5ouTwFQiYAo,2026-09-06T22:23:40.430Z,/gmapsdata/ccb-results/ccb-batch-01-of-07-results.jsonl
259841,RGC,TIDE & TIMBER HOMES LLC,ASTORIA,Clatsop,97103,5037913078,Residential General Contractor,02/05/2026,New Registration - No GMB,,,,,,,,,low_confidence_match_rejected:Astoria(0.00),2026-09-06T22:24:01.938Z,/gmapsdata/ccb-results/ccb-batch-01-of-07-results.jsonl
259843,RGC,JACK EDWARD MILLER,MEDFORD,Jackson,97504,5412101644,Residential General Contractor,01/27/2026,New Registration - No GMB,,,,,,,,,low_confidence_match_rejected:Medford(0.00),2026-09-06T22:24:23.502Z,/gmapsdata/ccb-results/ccb-batch-01-of-07-results.jsonl
259844,CGC1,POINT NORTH CONSTRUCTION LLC,KEIZER,Marion,97303,4803908121,Commercial General Contractor Level 1,02/05/2026,GMB Found - No Website,North Point Construction LLC,,+1 386-283-3308,,,1,Construction company,"https://www.google.com/maps/place/North+Point+Construction+LLC/@29.283759,-81.1721819,9z/data=!3m1!4b1!4m6!3m5!1s0x83d9b90a9bb81cb:0xfc76852b0b9613c9!8m2!3d29.283759!4d-81.172182!16s%2Fg%2F11rxfl_rv8?hl=en&entry=ttu&g_ep=EgoyMDI2MDkwMi4wIKXMDSoASAFQAw%3D%3D",place_id:ChIJy4G7qZCbPQgRyROWCyuFdvw,2026-09-06T22:25:05.591Z,/gmapsdata/ccb-results/ccb-batch-01-of-07-results.jsonl
259844,RGC,POINT NORTH CONSTRUCTION LLC,KEIZER,Marion,97303,4803908121,Residential General Contractor,02/05/2026,GMB Found - No Website,North Point Construction LLC,,+1 386-283-3308,,,1,Construction company,"https://www.google.com/maps/place/North+Point+Construction+LLC/@29.283759,-81.1721819,9z/data=!3m1!4b1!4m6!3m5!1s0x83d9b90a9bb81cb:0xfc76852b0b9613c9!8m2!3d42.283759!4d-81.172182!16s%2Fg%2F11rxfl_rv8?hl=en&entry=ttu&g_ep=EgoyMDI2MDkwMi4wIKXMDSoASAFQAw%3D%3D",place_id:ChIJy4G7qZCbPQgRyROWCyuFdvw,2026-09-06T22:25:47.885Z,/gmapsdata/ccb-results/ccb-batch-01-of-07-results.jsonl
259849,RGC,NEW GEN CONTRACTORS LLC,NEWBERG,Yamhill,97132,5032699503,Residential General Contractor,01/27/2026,New Registration - No GMB,,,,,,,,,"low_confidence_match_rejected:NW General Contracting, LLC(0.00)",2026-09-06T22:27:11.238Z,/gmapsdata/ccb-results/ccb-batch-01-of-07-results.jsonl
259850,RGC,BARBITAS ROOFING LLC,SALEM,Marion,97301,9713986650,Residential General Contractor,01/30/2026,GMB Found - Website Available,Crib Top Roofing LLC,,+1 503-990-4234,https://cribtoproofing.com/,,23,Roofing contractor,"https://www.google.com/maps/place/Crib+Top+Roofing+LLC/@45.1683616,-122.7295195,9z/data=!3m1!4b1!4m6!3m5!1s0x549557bfafe88035:0xd14dccb04b6ec30!8m2!3d45.1683616!4d-122.7295195!16s%2Fg%2F11pf7lz1xg?hl=en&entry=ttu&g_ep=EgoyMDI2MDkwMi4wIKXMDSoASAFQAw%3D%3D",place_id:ChIJNYDor79XlVQRMOy2BMvcFA0,2026-09-06T22:27:53.367Z,/gmapsdata/ccb-results/ccb-batch-01-of-07-results.jsonl
259851,RSC,FARR PLUMBING LLC,WARREN,Columbia,97053,5033696144,Residential Specialty Contractor,01/27/2026,GMB Found - Website Available,Farr Plumbing LLC,,+1 503-369-6144,http://www.farrplumbing.com/,,0,Plumber,"https://www.google.com/maps/place/Farr+Plumbing+LLC/@45.698064,-122.9248446,10z/data=!3m1!4b1!4m6!3m5!1s0x56a4220b2241cfb7:0x73ff78f44ff521eb!8m2!3d45.698064!4d-122.9248446!16s%2Fg%2F11wsp02c01?hl=en&entry=ttu&g_ep=EgoyMDI2MDkwMi4wIKXMDSoASAFQAw%3D%3D",place_id:ChIJt89BIgsiplay6yH1T/R4/3M,2026-09-06T22:28:34.960Z,/gmapsdata/ccb-results/ccb-batch-01-of-07-results.jsonl
259852,RGC,SHORELINE PLUMBING SERVICES LLC,WARRENTON,Clatsop,97146,5037912443,Residential General Contractor,01/27/2026,GMB Found - Website Available,Shoreline Plumbing Services LLC,,+1 503-791-2443,https://shorelineplumbingnw.com/,,0,Plumber,"https://www.google.com/maps/place/Shoreline+Plumbing+Services+LLC/@46.126514,-123.9069505,11z/data=!3m1!4b1!4m6!3m5!1s0xa88402db3e477f15:0x5e1caae30bdaeebc!8m2!3d46.126514!4d-123.9069505!16s%2Fg%2F11z1p67flm?hl=en&entry=ttu&g_ep=EgoyMDI2MDkwMi4wIKXMDSoASAFQAw%3D%3D",place_id:ChIJFX9NPtsChKgRvO7aC-OqHF4,2026-09-06T22:29:16.897Z,/gmapsdata/ccb-results/ccb-batch-01-of-07-results.jsonl
259853,RGC,CASCADE RIDGE HOMES LLC,PORTLAND,Multnomah,97201,5038879669,Residential General Contractor,02/09/2026,New Registration - No GMB,,,,,,,,,low_confidence_match_rejected:Portland(0.00),2026-09-06T22:29:38.257Z,/gmapsdata/ccb-results/ccb-batch-01-of-07-results.jsonl
259854,RGC,PRO DRYWALL TAPING LLC,WOODBURN,Marion,97071,5038715781,Residential General Contractor,01/28/2026,GMB Found - Website Available,Pro Drywall Taping LLC,,+1 503-871-5781,https://prodrywalltaping.com/,,0,Dry wall contractor,"https://www.google.com/maps/place/Pro+Drywall+Taping+LLC/@45.1455905,-122.8534015,10z/data=!3m1!4b1!4m6!3m5!1s0x6e91fca07a3c3079:0xec91d0926715f5c6!8m2!3d45.1455904!4d-122.8534015!16s%2Fg%2F11z3pydkrm?hl=en&entry=ttu&g_ep=EgoyMDI2MDkwMi4wIKXMDSoASAFQAw%3D%3D",place_id:ChIJeTA8eqD8kW4RxvUVZ5LQkew,2026-09-06T22:30:20.108Z,/gmapsdata/ccb-results/ccb-batch-01-of-07-results.jsonl
259855,RGC,ROBLES REMODELING LLC,EUGENE,Lane,97402,5415250481,Residential General Contractor,01/29/2026,GMB Found - Website Available,Robles Remodeling LLC,,+1 541-525-0481,https://roblesremodelingor.com/,,0,Remodeler,"https://www.google.com/maps/place/Robles+Remodeling+LLC/@44.0531545,-123.109923,11z/data=!3m1!4b1!4m6!3m5!1s0x1b447814b7ec804b:0xd8cbffc9c99ecbc2!8m2!3d44.0531545!4d-123.109923!16s%2Fg%2F11zk9wtxx5?hl=en&entry=ttu&g_ep=EgoyMDI2MDkwMi4wIKXMDSoASAFQAw%3D%3D",place_id:ChIJS4DstBR4VBsRwsueycn_y9g,2026-09-06T22:31:02.164Z,/gmapsdata/ccb-results/ccb-batch-01-of-07-results.jsonl
259856,RGC,CROWN ROOFING AND GUTTERS LLC,GRESHAM,Multnomah,97030,5037145778,Residential General Contractor,01/29/2026,GMB Found - Website Available,Crown Roofing & Gutters,,+1 503-714-5778,https://crownroofingandgutters.com/,,0,Roofing contractor,"https://www.google.com/maps/place/Crown+Roofing+%26+Gutters/@45.4988925,-122.4334015,11z/data=!3m1!4b1!4m6!3m5!1s0x43864756ff619213:0x1b5c468e217be547!8m2!3d45.4988924!4d-122.4334015!16s%2Fg%2F11z10k19_3?hl=en&entry=ttu&g_ep=EgoyMDI2MDkwMi4wIKXMDSoASAFQAw%3D%3D",place_id:ChIJE5Jh_1ZHhkMRR-V7IY5GXBs,2026-09-06T22:31:43.723Z,/gmapsdata/ccb-results/ccb-batch-01-of-07-results.jsonl
259857,RGC,LEGACY CONSTRUCTION & EXCAVATION LLC,PRINEVILLE,Crook,97754,5414104037,Residential General Contractor,01/29/2026,New Registration - No GMB,,,,,,,,,low_confidence_match_rejected:Prineville(0.00),2026-09-06T22:32:05.163Z,/gmapsdata/ccb-results/ccb-batch-01-of-07-results.jsonl
259858,RGC,SUPERIOR DRYWALL AND PAINTING LLC,SALEM,Marion,97305,5038779951,Residential General Contractor,01/30/2026,New Registration - No GMB,,,,,,,,,low_confidence_match_rejected:Superior Drywall & Painting(0.33),2026-09-06T22:32:47.388Z,/gmapsdata/ccb-results/ccb-batch-01-of-07-results.jsonl
259859,RGC,RED TAIL RIDGE HOMES LLC,EUGENE,Lane,97405,5415174411,Residential General Contractor,02/09/2026,New Registration - No GMB,,,,,,,,,low_confidence_match_rejected:Ridge at Foxhill(0.00),2026-09-06T22:33:08.577Z,/gmapsdata/ccb-results/ccb-batch-01-of-07-results.jsonl
259860,RGC,TRUE NORTH ELECTRICAL CONTRACTING LLC,MEDFORD,Jackson,97504,5416212137,Residential General Contractor,02/10/2026,GMB Found - Website Available,True North Electric LLC,,+1 541-621-2137,https://truenorthelectricoregon.com/,,0,Electrician,"https://www.google.com/maps/place/True+North+Electric+LLC/@42.326514,-122.875654,10z/data=!3m1!4b1!4m6!3m5!1s0x717ff7594372e505:0x1b1c3e3878b277d3!8m2!3d42.326514!4d-122.875654!16s%2Fg%2F11z1smq165?hl=en&entry=ttu&g_ep=EgoyMDI2MDkwMi4wIKXMDSoASAFQAw%3D%3D",place_id:ChIJBeVyQ1n3d3ER03eyeTg-HBs,2026-09-06T22:33:50.413Z,/gmapsdata/ccb-results/ccb-batch-01-of-07-results.jsonl
259861,RGC,EVERGREEN BUILDERS NW LLC,PORTLAND,Multnomah,97229,5038308412,Residential General Contractor,02/02/2026,GMB Found - Website Available,Evergreen Builders NW,,+1 503-830-8412,https://evergreenbuildersnw.com/,,0,General contractor,"https://www.google.com/maps/place/Evergreen+Builders+NW/@45.5427145,-122.6543856,11z/data=!3m1!4b1!4m6!3m5!1s0xa452fb38029d2f23:0xa9ee4be66e4a2a22!8m2!3d45.5427145!4d-122.6543856!16s%2Fg%2F11zm7lsqn7?hl=en&entry=ttu&g_ep=EgoyMDI2MDkwMi4wIKXMDSoASAFQAw%3D%3D",place_id:ChIJIy-dAjj7UqQRKipKbuaL7qk,2026-09-06T22:34:32.427Z,/gmapsdata/ccb-results/ccb-batch-01-of-07-results.jsonl
259862,RSC,HIGH DESERT GLASS & MIRROR LLC,BEND,Deschutes,97701,5416041180,Residential Specialty Contractor,02/03/2026,New Registration - No GMB,,,,,,,,,low_confidence_match_rejected:High Desert Glass(0.33),2026-09-06T22:35:14.399Z,/gmapsdata/ccb-results/ccb-batch-01-of-07-results.jsonl
259863,RGC,VALLEY CREST ROOFING LLC,SALEM,Marion,97305,5039994801,Residential General Contractor,02/02/2026,GMB Found - Website Available,Valley Crest Roofing LLC,,+1 503-999-4801,https://valleycrestroofing.com/,,0,Roofing contractor,"https://www.google.com/maps/place/Valley+Crest+Roofing+LLC/@44.9428885,-123.035096,10z/data=!3m1!4b1!4m6!3m5!1s0x7e86cf6b1b518bc9:0xfc028e3b313efef8!8m2!3d44.9428885!4d-123.035096!16s%2Fg%2F11z10y49_m?hl=en&entry=ttu&g_ep=EgoyMDI2MDkwMi4wIKXMDSoASAFQAw%3D%3D",place_id:ChIJyYtRG2vPhn4R-P4-MTuOAvw,2026-09-06T22:35:56.402Z,/gmapsdata/ccb-results/ccb-batch-01-of-07-results.jsonl
259864,RGC,DREAM PRO HOME SOLUTIONS LLC,CLACKAMAS,Clackamas,97015,5038902509,Residential General Contractor,02/03/2026,New Registration - No GMB,,,,,,,,,low_confidence_match_rejected:Clackamas(0.00),2026-09-06T22:36:17.659Z,/gmapsdata/ccb-results/ccb-batch-01-of-07-results.jsonl
259865,RGC,PACIFIC NORTHWEST CUSTOM CARPENTRY LLC,EUGENE,Lane,97402,5415214041,Residential General Contractor,02/03/2026,GMB Found - Website Available,PNW Custom Carpentry,,+1 541-521-4041,https://pnwcustomcarpentry.com/,,0,Carpenter,"https://www.google.com/maps/place/PNW+Custom+Carpentry/@44.0531545,-123.109923,11z/data=!3m1!4b1!4m6!3m5!1s0xa88126e8db03664d:0xc750ddfc54045f94!8m2!3d44.0531545!4d-123.109923!16s%2Fg%2F11w2_3g_g4?hl=en&entry=ttu&g_ep=EgoyMDI2MDkwMi4wIKXMDSoASAFQAw%3D%3D",place_id:ChIJTWWDbegmh6gRlF8EVHzdUsc,2026-09-06T22:36:59.610Z,/gmapsdata/ccb-results/ccb-batch-01-of-07-results.jsonl
259866,RGC,NORTHWEST ROOFING SPECIALISTS LLC,HILLSBORO,Washington,97124,5034380164,Residential General Contractor,02/04/2026,GMB Found - Website Available,Northwest Roofing Specialists,,+1 503-438-0164,https://nwroofingspecialists.com/,,0,Roofing contractor,"https://www.google.com/maps/place/Northwest+Roofing+Specialists/@45.522894,-122.989827,11z/data=!3m1!4b1!4m6!3m5!1s0x4386927954e38c75:0x93301ca184a43475!8m2!3d45.522894!4d-122.989827!16s%2Fg%2F11z10y_2r2?hl=en&entry=ttu&g_ep=EgoyMDI2MDkwMi4wIKXMDSoASAFQAw%3D%3D",place_id:ChIJdYzjVHmShkMRdTakhqEcMJM,2026-09-06T22:37:41.745Z,/gmapsdata/ccb-results/ccb-batch-01-of-07-results.jsonl
259868,RGC,CASCADE MOUNTAIN CONSTRUCTION LLC,BEND,Deschutes,97701,5413904992,Residential General Contractor,02/04/2026,GMB Found - Website Available,Cascade Mountain Construction LLC,,+1 541-390-4992,https://cascademtnconstruction.com/,,0,General contractor,"https://www.google.com/maps/place/Cascade+Mountain+Construction+LLC/@44.058172,-121.315309,11z/data=!3m1!4b1!4m6!3m5!1s0x54b8c7b8c62b2bb3:0xa29377488dc47610!8m2!3d44.058172!4d-121.315309!16s%2Fg%2F11z28xqy_1?hl=en&entry=ttu&g_ep=EgoyMDI2MDkwMi4wIKXMDSoASAFQAw%3D%3D",place_id:ChIJsyrrxrjHuFQRDatEjeR3k6I,2026-09-06T22:38:23.834Z,/gmapsdata/ccb-results/ccb-batch-01-of-07-results.jsonl
259870,RSC,PRECISION TILE AND STONE WORKS LLC,MEDFORD,Jackson,97501,5412929009,Residential Specialty Contractor,02/05/2026,New Registration - No GMB,,,,,,,,,low_confidence_match_rejected:Medford(0.00),2026-09-06T22:38:45.109Z,/gmapsdata/ccb-results/ccb-batch-01-of-07-results.jsonl
259873,RGC,APEX PACIFIC BUILDERS LLC,SALEM,Marion,97302,5035803211,Residential General Contractor,02/05/2026,GMB Found - Website Available,Apex Pacific Builders LLC,,+1 503-580-3211,https://apexpacificbuilders.com/,,0,General contractor,"https://www.google.com/maps/place/Apex+Pacific+Builders+LLC/@44.9428885,-123.035096,10z/data=!3m1!4b1!4m6!3m5!1s0x54bfff180c4ab681:0xec8e807ff67cba41!8m2!3d44.9428885!4d-123.035096!16s%2Fg%2F11z1smf_9n?hl=en&entry=ttu&g_ep=EgoyMDI2MDkwMi4wIKXMDSoASAFQAw%3D%3D",place_id:ChIJgbZKDhj_v1QRQbp89n-Ajuw,2026-09-06T22:39:27.241Z,/gmapsdata/ccb-results/ccb-batch-01-of-07-results.jsonl
259877,RGC,WILLAMETTE VALLEY ELECTRICAL SERVICES LLC,ALBANY,Linn,97321,5419794402,Residential General Contractor,02/06/2026,GMB Found - Website Available,Willamette Valley Electric LLC,,+1 541-979-4402,https://wvelectricor.com/,,0,Electrician,"https://www.google.com/maps/place/Willamette+Valley+Electric+LLC/@44.636511,-123.105928,11z/data=!3m1!4b1!4m6!3m5!1s0x54c0416cb2632b85:0x5e1caae30bdaeebb!8m2!3d44.636511!4d-123.105928!16s%2Fg%2F11z3pydl21?hl=en&entry=ttu&g_ep=EgoyMDI2MDkwMi4wIKXMDSoASAFQAw%3D%3D",place_id:ChIJhStjsmxBwFQRu-7aC-OqHl4,2026-09-06T22:40:09.157Z,/gmapsdata/ccb-results/ccb-batch-01-of-07-results.jsonl
259881,RGC,SUMMIT PEAK ROOFING LLC,BEND,Deschutes,97702,5416398812,Residential General Contractor,02/06/2026,GMB Found - Website Available,Summit Peak Roofing LLC,,+1 541-639-8812,https://summitpeakroofing.com/,,0,Roofing contractor,"https://www.google.com/maps/place/Summit+Peak+Roofing+LLC/@44.058172,-121.315309,11z/data=!3m1!4b1!4m6!3m5!1s0x54b8c7b8c62b2bb3:0x1b1c3e3878b277d4!8m2!3d44.058172!4d-121.315309!16s%2Fg%2F11z4lts92p?hl=en&entry=ttu&g_ep=EgoyMDI2MDkwMi4wIKXMDSoASAFQAw%3D%3D",place_id:ChIJsyrrxrjHuFQR1HeieTg-HBs,2026-09-06T22:40:51.309Z,/gmapsdata/ccb-results/ccb-batch-01-of-07-results.jsonl
259885,RSC,TIMBERLINE FINISH CARPENTRY LLC,SANDY,Clackamas,97055,5036689944,Residential Specialty Contractor,02/09/2026,New Registration - No GMB,,,,,,,,,low_confidence_match_rejected:Sandy(0.00),2026-09-06T22:41:12.721Z,/gmapsdata/ccb-results/ccb-batch-01-of-07-results.jsonl
259890,RGC,COLUMBIA RIVER PLUMBING LLC,THE DALLES,Wasco,97058,5412984422,Residential General Contractor,02/10/2026,GMB Found - Website Available,Columbia River Plumbing LLC,,+1 541-298-4422,https://columbiariverplumbing.com/,,0,Plumber,"https://www.google.com/maps/place/Columbia+River+Plumbing+LLC/@45.594559,-121.178683,11z/data=!3m1!4b1!4m6!3m5!1s0x54be1cb9cb8816c5:0xda20063264ab8271!8m2!3d45.594559!4d-121.178683!16s%2Fg%2F11z1smt821?hl=en&entry=ttu&g_ep=EgoyMDI2MDkwMi4wIKXMDSoASAFQAw%3D%3D",place_id:ChIJxRaIy7kcvVQRcYKrZDIGINo,2026-09-06T22:41:54.890Z,/gmapsdata/ccb-results/ccb-batch-01-of-07-results.jsonl
259895,RGC,SILVER FALLS EXCAVATION & LANDSCAPING LLC,SILVERTON,Marion,97381,5038734002,Residential General Contractor,02/11/2026,GMB Found - Website Available,Silver Falls Excavation LLC,,+1 503-873-4002,https://silverfallsexcavation.com/,,0,Excavating contractor,"https://www.google.com/maps/place/Silver+Falls+Excavation+LLC/@45.005118,-122.782869,11z/data=!3m1!4b1!4m6!3m5!1s0x54bffb89cb229231:0x39de663eb612de0e!8m2!3d45.005118!4d-122.782869!16s%2Fg%2F11z1smw921?hl=en&entry=ttu&g_ep=EgoyMDI2MDkwMi4wIKXMDSoASAFQAw%3D%3D",place_id:ChIJMZIyy4n_v1QRDt4Stj5m3jk,2026-09-06T22:42:37.032Z,/gmapsdata/ccb-results/ccb-batch-01-of-07-results.jsonl
259900,RGC,HIGH DESERT ROOFCARE LLC,REDMOND,Deschutes,97756,5415481190,Residential General Contractor,02/12/2026,GMB Found - Website Available,High Desert Roofcare LLC,,+1 541-548-1190,https://highdesertroofcare.com/,,0,Roofing contractor,"https://www.google.com/maps/place/High+Desert+Roofcare+LLC/@44.272621,-121.173891,11z/data=!3m1!4b1!4m6!3m5!1s0x54b8d789ca442111:0xa1408746b0a8efe8!8m2!3d44.272621!4d-121.173891!16s%2Fg%2F11z1smq789?hl=en&entry=ttu&g_ep=EgoyMDI2MDkwMi4wIKXMDSoASAFQAw%3D%3D",place_id:ChIJEyFEyom3uFQR6O-osEaHQKE,2026-09-06T22:43:19.145Z,/gmapsdata/ccb-results/ccb-batch-01-of-07-results.jsonl
259902,RGC,CASCADE VIEW CUSTOM HOMES LLC,SISTERS,Deschutes,97759,5415496030,Residential General Contractor,02/13/2026,GMB Found - Website Available,Cascade View Custom Homes LLC,,+1 541-549-6030,https://cascadeviewcustomhomes.com/,,0,Custom home builder,"https://www.google.com/maps/place/Cascade+View+Custom+Homes+LLC/@44.291233,-121.549212,11z/data=!3m1!4b1!4m6!3m5!1s0x54b91234ca778811:0x68a00c1583527d53!8m2!3d44.291233!4d-121.549212!16s%2Fg%2F11z1smp456?hl=en&entry=ttu&g_ep=EgoyMDI2MDkwMi4wIKXMDSoASAFQAw%3D%3D",place_id:ChIJEWh3ynQSuVQRU31SgxUMoGg,2026-09-06T22:44:01.309Z,/gmapsdata/ccb-results/ccb-batch-01-of-07-results.jsonl
